,name,nationality,team,minutes_90s,passes_completed,passes,passes_pct,passes_total_distance,passes_progressive_distance,passes_completed_short,passes_short,passes_pct_short,passes_completed_medium,passes_medium,passes_pct_medium,passes_completed_long,passes_long,passes_pct_long,assists,xg_assist,pass_xa,xg_assist_net,assisted_shots,passes_into_final_third,passes_into_penalty_area,crosses_into_penalty_area,progressive_passes,position,age,born
0,Brenden Aaronson,us USA,Union Berlin,14.1,365,472,77.3,4890,1506,206,240,85.8,105,130,80.8,19,32,59.4,2,1.9,2.0,+0.1,22,30,14,3,56,"MF,FW",22,2000
1,Paxten Aaronson,us USA,Eint Frankfurt,1.1,41,50,82.0,576,71,20,25,80.0,20,22,90.9,0,2,0.0,1,0.1,0.1,+0.9,1,4,2,0,5,MF,19,2003
2,Junior Adamu,at AUT,Freiburg,1.2,18,30,60.0,181,36,15,17,88.2,1,9,11.1,0,1,0.0,0,0.1,0.0,-0.1,1,0,1,0,1,"FW,MF",22,2001
3,Sargis Adamyan,am ARM,Köln,8.9,132,189,69.8,1883,483,73,94,77.7,44,64,68.8,5,9,55.6,2,2.0,1.1,0.0,12,16,3,0,18,"FW,MF",30,1993
4,Karim Adeyemi,de GER,Dortmund,10.1,218,299,72.9,2929,719,135,162,83.3,61,83,73.5,8,18,44.4,1,2.0,1.6,-1.0,9,9,10,1,26,"FW,MF",21,2002
5,Amine Adli,ma MAR,Leverkusen,10.0,367,459,80.0,4683,1110,252,291,86.6,91,110,82.7,7,18,38.9,6,2.3,2.9,+3.7,21,19,18,3,39,"MF,FW",23,2000
6,Felix Agu,de GER,Werder Bremen,17.9,488,669,72.9,7657,2921,246,292,84.2,203,253,80.2,27,67,40.3,0,0.6,1.4,-0.6,7,18,16,7,32,"DF,MF",23,1999
7,Ludovic Ajorque,fr FRA,Mainz 05,15.1,318,453,70.2,4546,479,172,241,71.4,105,145,72.4,15,19,78.9,0,1.0,1.6,-1.0,16,21,3,0,21,FW,29,1994
8,Kevin Akpoguma,ng NGA,Hoffenheim,12.2,611,711,85.9,10584,3879,275,302,91.1,277,307,90.2,50,79,63.3,0,0.3,0.4,-0.3,5,71,2,0,55,DF,28,1995
9,Faride Alidou,de GER,Köln,14.2,196,305,64.3,3211,831,97,134,72.4,69,100,69.0,20,41,48.8,0,0.6,0.7,-0.6,14,14,7,3,33,"FW,MF",22,2001
10,Skelly Alvero,fr FRA,Werder Bremen,1.4,59,76,77.6,1098,274,24,35,68.6,25,27,92.6,8,9,88.9,0,0.0,0.0,0.0,1,3,1,0,9,MF,21,2002
11,Nadiem Amiri,de GER,Mainz 05,14.6,567,798,71.1,10700,4288,247,291,84.9,205,263,77.9,94,201,46.8,4,4.3,4.1,-0.3,52,70,17,3,88,MF,26,1996
12,Nadiem Amiri,de GER,Leverkusen,1.0,92,100,92.0,1039,238,70,72,97.2,17,19,89.5,1,1,100.0,0,0.0,0.1,0.0,1,8,2,0,6,MF,26,1996
13,Kofi Amoako,de GER,Wolfsburg,0.0,0,1,0.0,0,0,0,0,,0,0,,0,1,0.0,0,0.0,0.0,0.0,0,0,0,0,0,MF,18,2005
14,Robert Andrich,de GER,Leverkusen,18.8,1346,1494,90.1,20529,6451,749,789,94.9,487,542,89.9,74,105,70.5,2,1.8,2.2,+0.2,22,117,19,3,97,"MF,DF",28,1994
15,Waldemar Anton,de GER,Stuttgart,32.1,2330,2624,88.8,41479,15026,904,955,94.7,1251,1342,93.2,143,260,55.0,3,1.0,1.5,+2.0,9,163,7,2,172,DF,27,1996
16,Christopher Antwi-Adjei,gh GHA,Bochum,13.5,274,454,60.4,4315,1592,154,187,82.4,80,143,55.9,31,80,38.8,2,3.5,3.0,-1.5,24,11,15,7,28,"FW,MF",29,1994
17,Asaf Arania,il ISR,Darmstadt 98,0.1,4,4,100.0,60,2,3,3,100.0,1,1,100.0,0,0,,0,0.0,0.0,0.0,0,0,0,0,0,MF,17,2005
18,Maximilian Arnold,de GER,Wolfsburg,27.8,1285,1582,81.2,25047,7547,497,549,90.5,590,664,88.9,175,316,55.4,1,3.9,4.4,-2.9,48,151,28,11,143,MF,29,1994
19,Arthur,br BRA,Leverkusen,2.0,88,109,80.7,1360,367,53,58,91.4,28,39,71.8,6,8,75.0,2,0.3,0.4,+1.7,5,2,6,5,7,DF,20,2003
20,Takuma Asano,jp JPN,Bochum,22.1,262,397,66.0,3476,855,171,217,78.8,67,96,69.8,11,26,42.3,1,1.3,0.9,-0.3,21,17,13,1,32,"FW,MF",28,1994
21,Jonathan Asp Jensen,dk DEN,Bayern Munich,0.0,0,0,,0,0,0,0,,0,0,,0,0,,0,0.0,0.0,0.0,0,0,0,0,0,FW,17,2006
22,Noah Atubolu,de GER,Freiburg,34.0,982,1392,70.5,28328,20599,171,173,98.8,468,474,98.7,343,741,46.3,0,0.0,0.2,0.0,0,33,2,0,1,GK,21,2002
23,Matthias Bader,de GER,Darmstadt 98,20.0,687,912,75.3,12501,4100,280,323,86.7,330,394,83.8,67,137,48.9,2,2.3,3.5,-0.3,18,38,22,6,67,"DF,MF",26,1997
24,Ridle Baku,de GER,Wolfsburg,22.4,789,1048,75.3,12508,3955,408,475,85.9,306,403,75.9,58,115,50.4,0,3.0,3.5,-3.0,29,46,26,10,85,"DF,MF",25,1998
25,Samuel Bamba,de GER,Dortmund,0.5,14,20,70.0,207,42,11,12,91.7,1,2,50.0,2,4,50.0,0,0.1,0.1,-0.1,1,0,1,0,2,FW,19,2004
26,Aymen Barkok,ma MAR,Mainz 05,3.6,118,184,64.1,1842,639,64,90,71.1,39,59,66.1,9,20,45.0,0,0.3,0.6,-0.3,5,11,4,1,16,"MF,FW",25,1998
27,Leandro Barreiro Martins,lu LUX,Mainz 05,29.0,679,925,73.4,10846,3124,338,425,79.5,267,344,77.6,54,92,58.7,1,1.1,1.1,-0.1,20,74,12,2,93,MF,23,2000
28,Daniel Batz,de GER,Mainz 05,4.0,104,153,68.0,2854,2094,18,19,94.7,53,55,96.4,33,79,41.8,0,0.0,0.0,0.0,0,5,0,0,0,GK,32,1991
29,Maximilian Bauer,de GER,Augsburg,9.0,423,491,86.2,7834,2619,146,159,91.8,240,265,90.6,30,55,54.5,0,0.0,0.1,0.0,0,28,0,0,25,DF,23,2000
30,Elias Baum,de GER,Eint Frankfurt,0.3,13,17,76.5,193,76,7,9,77.8,6,8,75.0,0,0,,0,0.0,0.0,0.0,0,0,0,0,0,"DF,MF",17,2005
31,Oliver Baumann,de GER,Hoffenheim,34.0,1055,1412,74.7,29010,21712,217,219,99.1,508,513,99.0,318,664,47.9,1,0.2,0.1,+0.8,2,24,2,0,1,GK,33,1990
32,Christoph Baumgartner,at AUT,RB Leipzig,12.9,340,456,74.6,4651,1244,189,236,80.1,112,137,81.8,14,26,53.8,1,1.6,1.6,-0.6,16,31,12,1,47,"MF,FW",23,1999
33,Ihlas Bebou,tg TOG,Hoffenheim,18.2,360,514,70.0,5117,1476,208,262,79.4,106,158,67.1,20,34,58.8,5,2.6,3.0,+2.4,15,9,15,4,38,"FW,DF",29,1994
34,Adrian Beck,de GER,Heidenheim,10.8,311,431,72.2,5102,1027,157,203,77.3,122,149,81.9,23,36,63.9,1,0.8,0.6,+0.2,11,25,5,0,29,"MF,FW",26,1997
35,Sheraldo Becker,sr SUR,Union Berlin,7.2,183,280,65.4,3161,770,92,117,78.6,70,108,64.8,18,36,50.0,1,1.8,1.6,-0.8,12,15,12,7,20,"FW,MF",28,1995
36,Chris Bedia,ci CIV,Union Berlin,1.6,14,20,70.0,140,19,10,13,76.9,3,5,60.0,0,0,,0,0.2,0.2,-0.2,3,0,0,0,1,"FW,MF",27,1996
37,Donny van de Beek,nl NED,Eint Frankfurt,4.0,109,139,78.4,1428,365,67,75,89.3,30,38,78.9,3,6,50.0,0,0.4,0.6,-0.4,3,8,2,0,10,"MF,FW",26,1997
38,Kevin Behrens,de GER,Wolfsburg,6.8,112,175,64.0,1539,251,63,93,67.7,36,48,75.0,3,9,33.3,1,0.9,0.9,+0.1,8,9,8,1,17,FW,32,1991
39,Kevin Behrens,de GER,Union Berlin,14.0,215,336,64.0,3380,842,116,162,71.6,67,97,69.1,22,34,64.7,0,0.9,1.2,-0.9,16,24,7,0,45,FW,32,1991
40,Maximilian Beier,de GER,Hoffenheim,26.9,384,550,69.8,4753,790,241,299,80.6,101,152,66.4,7,17,41.2,1,2.4,3.0,-1.4,24,7,27,9,30,"FW,MF",20,2002
41,Stefan Bell,de GER,Mainz 05,7.4,297,370,80.3,5526,2509,122,137,89.1,141,163,86.5,31,60,51.7,0,0.1,0.3,-0.1,1,16,3,1,23,DF,31,1991
42,Ramy Bensebaini,dz ALG,Dortmund,11.5,702,851,82.5,11465,3639,343,383,89.6,299,338,88.5,44,79,55.7,0,0.4,0.9,-0.4,6,62,9,1,75,DF,28,1995
43,Mergim Berisha,de GER,Hoffenheim,1.6,22,33,66.7,290,91,11,15,73.3,7,10,70.0,1,2,50.0,0,0.3,0.1,-0.3,2,2,1,0,3,FW,25,1998
44,Mergim Berisha,de GER,Augsburg,1.4,10,14,71.4,142,73,6,8,75.0,2,3,66.7,1,1,100.0,0,0.1,0.1,-0.1,2,1,1,1,1,FW,25,1998
45,Bernardo,br BRA,Bochum,32.5,1167,1622,71.9,20655,8434,528,639,82.6,495,651,76.0,118,240,49.2,0,0.5,1.3,-0.5,13,122,14,10,127,DF,28,1995
46,Matúš Bero,sk SVK,Bochum,18.5,355,535,66.4,5487,1750,181,241,75.1,129,181,71.3,26,53,49.1,1,1.3,1.9,-0.3,11,37,11,2,48,"MF,FW",27,1995
47,Jan-Niklas Beste,de GER,Heidenheim,28.9,543,947,57.3,10762,4487,242,316,76.6,168,292,57.5,116,256,45.3,11,5.7,6.3,+5.3,70,26,30,17,57,"FW,MF",24,1999
48,Pep Biel,es ESP,Augsburg,3.2,99,123,80.5,1673,542,51,54,94.4,32,41,78.0,11,19,57.9,0,0.2,0.3,-0.2,4,15,4,2,16,"MF,FW",26,1996
49,Tom Bischof,de GER,Hoffenheim,2.0,90,112,80.4,1501,532,45,53,84.9,33,37,89.2,7,11,63.6,2,0.8,0.8,+1.2,5,11,4,2,18,"MF,FW",18,2005
50,Leonardo Bittencourt,de GER,Werder Bremen,17.5,665,829,80.2,10812,2713,323,367,88.0,263,314,83.8,55,98,56.1,2,2.9,2.7,-0.9,26,64,20,7,85,MF,29,1993
51,Hendry Blank,de GER,Dortmund,0.5,58,59,98.3,1016,285,26,26,100.0,27,27,100.0,5,6,83.3,0,0.0,0.0,0.0,0,1,0,0,1,DF,18,2004
52,Janis Blaswich,de GER,RB Leipzig,21.0,836,957,87.4,19207,10184,179,183,97.8,493,497,99.2,163,274,59.5,0,0.1,0.1,-0.1,1,10,0,0,3,GK,32,1991
53,Sacha Boey,fr FRA,Bayern Munich,1.2,58,69,84.1,745,210,41,47,87.2,15,16,93.8,1,2,50.0,0,0.0,0.0,0.0,0,4,0,0,5,DF,22,2000
54,Victor Boniface,ng NGA,Leverkusen,17.2,278,385,72.2,3892,732,162,209,77.5,87,103,84.5,13,24,54.2,8,3.7,3.3,+4.3,22,13,13,0,34,FW,22,2000
55,Leonardo Bonucci,it ITA,Union Berlin,5.1,190,248,76.6,4063,1911,51,58,87.9,105,118,89.0,31,67,46.3,0,0.3,0.1,-0.3,2,17,2,1,21,DF,36,1987
56,Yvandro Borges Sanches,lu LUX,Gladbach,0.2,7,11,63.6,127,10,4,5,80.0,2,3,66.7,1,1,100.0,0,0.0,0.0,0.0,0,2,0,0,0,"MF,FW",19,2004
57,Sebastiaan Bornauw,be BEL,Wolfsburg,15.9,737,842,87.5,13040,4770,301,323,93.2,382,413,92.5,51,97,52.6,0,0.4,0.1,-0.4,3,23,0,0,41,DF,24,1999
58,Rafael Borré,co COL,Werder Bremen,11.0,223,301,74.1,3375,679,135,166,81.3,63,82,76.8,13,20,65.0,0,1.8,1.9,-1.8,13,20,9,3,28,FW,27,1995
59,Julian Brandt,de GER,Dortmund,24.7,1054,1319,79.9,17725,4294,519,584,88.9,360,424,84.9,128,220,58.2,11,9.5,7.5,+1.5,80,63,32,8,116,"MF,FW",27,1996
60,Fabian Bredlow,de GER,Stuttgart,4.0,136,179,76.0,3385,2506,38,39,97.4,58,59,98.3,40,81,49.4,0,0.0,0.0,0.0,0,1,0,0,0,GK,28,1995
61,Tim Breithaupt,de GER,Augsburg,7.0,232,281,82.6,3821,1252,105,122,86.1,110,122,90.2,12,23,52.2,0,0.1,0.3,-0.1,3,20,3,0,21,MF,21,2002
62,Maximilian Breunig,de GER,Freiburg,0.1,1,2,50.0,13,0,1,1,100.0,0,1,0.0,0,0,,0,0.0,0.0,0.0,0,0,0,0,0,FW,22,2000
63,Bennit Bröger,de GER,Wolfsburg,0.1,2,4,50.0,13,0,2,3,66.7,0,1,0.0,0,0,,0,0.0,0.0,0.0,0,0,0,0,0,FW,17,2006
64,John Brooks,us USA,Hoffenheim,17.1,740,892,83.0,15150,6266,230,255,90.2,400,447,89.5,103,170,60.6,0,0.1,0.3,-0.1,3,56,3,1,61,DF,30,1993
65,Moritz Broschinski,de GER,Bochum,13.9,135,223,60.5,1682,261,96,132,72.7,30,50,60.0,4,8,50.0,3,1.8,0.9,+1.2,15,7,9,3,10,FW,22,2000
66,Alexander Brunst,de GER,Darmstadt 98,3.0,103,150,68.7,3309,2597,19,20,95.0,36,37,97.3,47,92,51.1,0,0.0,0.0,0.0,0,7,0,0,0,GK,28,1995
67,Marius Bülter,de GER,Hoffenheim,15.0,500,695,71.9,8626,3041,243,275,88.4,202,274,73.7,48,104,46.2,4,3.4,4.3,+0.6,21,35,22,11,60,"DF,FW",30,1993
68,Jonathan Burkardt,de GER,Mainz 05,17.1,266,394,67.5,3883,771,161,207,77.8,73,113,64.6,20,35,57.1,2,2.1,1.0,-0.1,15,20,8,5,28,"FW,MF",23,2000
69,Oliver Burke,sct SCO,Werder Bremen,0.4,6,12,50.0,98,18,2,4,50.0,4,6,66.7,0,1,0.0,0,0.0,0.0,0.0,0,0,0,0,0,FW,26,1997
70,Marnon Busch,de GER,Heidenheim,6.6,282,411,68.6,5437,2102,118,140,84.3,124,172,72.1,38,78,48.7,0,0.3,0.5,-0.3,5,32,9,2,34,DF,28,1994
71,Aurélio Buta,pt POR,Eint Frankfurt,19.4,875,1112,78.7,12888,4356,502,570,88.1,293,378,77.5,47,96,49.0,1,0.7,1.7,+0.3,9,71,26,6,90,"DF,MF",26,1997
72,Jamie Bynoe-Gittens,eng ENG,Dortmund,11.8,284,363,78.2,3681,732,196,226,86.7,69,85,81.2,10,22,45.5,4,2.8,3.0,+1.2,18,14,15,2,26,"FW,MF",18,2004
73,Anthony Caci,fr FRA,Mainz 05,27.6,1118,1523,73.4,21669,9351,448,531,84.4,484,626,77.3,167,290,57.6,3,2.9,3.5,+0.1,25,123,39,14,144,DF,26,1997
74,Emre Can,de GER,Dortmund,21.7,1286,1471,87.4,22739,7316,545,603,90.4,603,656,91.9,114,157,72.6,2,1.5,1.3,+0.5,20,110,8,0,110,"MF,DF",29,1994
75,Irvin Cardona,fr FRA,Augsburg,0.6,8,15,53.3,132,70,4,4,100.0,4,9,44.4,0,1,0.0,0,0.0,0.1,0.0,0,1,0,0,2,"MF,DF",25,1997
76,Rasmus Carstensen,dk DEN,Köln,18.4,594,827,71.8,8927,3429,330,386,85.5,231,302,76.5,23,69,33.3,0,2.6,3.3,-2.6,16,27,20,9,52,"DF,FW",22,2000
77,Fabio Carvalho,pt POR,RB Leipzig,1.8,72,92,78.3,855,219,54,60,90.0,14,21,66.7,2,5,40.0,0,0.2,0.2,-0.2,2,6,6,1,9,MF,20,2002
78,Koen Casteels,be BEL,Wolfsburg,25.0,688,949,72.5,20991,15027,104,105,99.0,300,305,98.4,283,535,52.9,0,0.2,0.1,-0.2,1,29,0,0,1,GK,31,1992
79,Václav Černý,cz CZE,Wolfsburg,10.2,255,364,70.1,3926,1237,145,173,83.8,71,109,65.1,24,45,53.3,1,0.9,2.5,+0.1,14,21,21,2,37,"FW,MF",25,1997
80,Julian Chabot,de GER,Köln,30.0,1361,1616,84.2,25807,10115,498,548,90.9,725,798,90.9,127,245,51.8,0,0.4,1.5,-0.4,9,81,5,1,71,DF,25,1998
81,El Chadaille Bitshiabu,fr FRA,RB Leipzig,0.4,48,59,81.4,829,270,24,26,92.3,17,22,77.3,7,9,77.8,0,0.0,0.0,0.0,0,2,0,0,1,"DF,MF",18,2005
82,Fares Chaïbi,dz ALG,Eint Frankfurt,21.2,592,922,64.2,10022,3251,303,382,79.3,191,285,67.0,73,180,40.6,4,6.8,6.1,-2.8,51,57,39,10,86,"MF,FW",20,2002
83,Timothy Chandler,us USA,Eint Frankfurt,0.2,18,26,69.2,323,145,7,8,87.5,9,12,75.0,2,4,50.0,1,0.1,0.1,+0.9,2,2,1,0,5,"MF,DF",33,1990
84,Fabio Chiarodia,it ITA,Gladbach,1.7,78,87,89.7,1232,439,43,46,93.5,33,35,94.3,2,6,33.3,0,0.1,0.2,-0.1,1,3,1,1,4,DF,18,2005
85,Jacob Christensen,dk DEN,Köln,2.4,66,85,77.6,1160,453,28,32,87.5,31,38,81.6,6,13,46.2,0,0.1,0.1,-0.1,2,8,1,0,12,MF,22,2001
86,Nnamdi Collins,de GER,Eint Frankfurt,1.0,61,75,81.3,1011,387,23,26,88.5,35,39,89.7,2,7,28.6,0,0.0,0.1,0.0,0,8,0,0,13,DF,19,2004
87,Kingsley Coman,fr FRA,Bayern Munich,12.4,528,647,81.6,8358,1597,285,330,86.4,206,233,88.4,26,45,57.8,3,3.8,4.5,-0.8,29,19,41,8,72,FW,27,1996
88,Bambasé Conté,de GER,Hoffenheim,0.5,19,24,79.2,228,61,14,15,93.3,4,6,66.7,1,3,33.3,0,0.0,0.0,0.0,1,3,1,0,2,"MF,FW",20,2003
89,Danny da Costa,de GER,Mainz 05,9.2,317,470,67.4,5513,2576,144,177,81.4,126,193,65.3,37,69,53.6,1,1.2,1.3,-0.2,9,27,16,9,40,DF,30,1993
90,Nicolas Cozza,fr FRA,Wolfsburg,3.1,147,192,76.6,2373,782,76,88,86.4,61,79,77.2,8,18,44.4,0,0.1,0.2,-0.1,2,19,2,2,16,DF,24,1999
91,Tomáš Čvančara,cz CZE,Gladbach,10.0,137,216,63.4,1668,384,91,133,68.4,36,53,67.9,3,3,100.0,1,0.7,0.8,+0.3,7,7,4,2,13,FW,22,2000
92,Finn Dahmen,de GER,Augsburg,31.0,1025,1345,76.2,27889,18248,166,168,98.8,556,566,98.2,299,600,49.8,0,0.1,0.2,-0.1,1,44,1,0,3,GK,25,1998
93,Mahmoud Dahoud,de GER,Stuttgart,2.5,205,235,87.2,3140,829,117,126,92.9,63,71,88.7,16,24,66.7,0,0.5,0.9,-0.5,7,19,3,1,19,MF,27,1996
94,Lukas Daschner,de GER,Bochum,6.0,107,179,59.8,1382,483,64,90,71.1,30,49,61.2,3,17,17.6,1,1.0,1.2,0.0,10,8,7,2,17,"MF,FW",24,1998
95,David Datro Fofana,ci CIV,Union Berlin,7.6,106,152,69.7,1536,346,65,83,78.3,25,39,64.1,9,10,90.0,0,0.3,0.3,-0.3,5,5,8,2,14,"FW,MF",20,2002
96,Alphonso Davies,ca CAN,Bayern Munich,22.9,1440,1642,87.7,20701,5332,847,929,91.2,536,589,91.0,27,52,51.9,5,2.9,3.3,+2.1,37,88,31,7,117,DF,22,2000
97,Olivier Deman,be BEL,Werder Bremen,15.2,543,730,74.4,9637,3323,244,284,85.9,226,289,78.2,63,111,56.8,1,0.9,1.3,+0.1,13,34,15,8,40,DF,23,2000
98,Ermedin Demirović,ba BIH,Augsburg,31.9,371,574,64.6,4996,1174,202,289,69.9,129,165,78.2,8,14,57.1,9,3.9,3.7,+5.1,33,40,17,1,60,"FW,MF",25,1998
99,Sepp van den Berg,nl NED,Mainz 05,31.5,1190,1469,81.0,21938,7392,421,497,84.7,657,764,86.0,94,163,57.7,0,0.3,0.4,-0.3,7,86,4,0,95,DF,21,2001
100,Samuele Di Benedetto,de GER,Stuttgart,0.1,10,11,90.9,107,2,7,7,100.0,2,2,100.0,0,0,,0,0.0,0.0,0.0,1,0,0,0,0,MF,18,2005
101,Justin Diehl,de GER,Köln,1.9,41,64,64.1,657,189,21,25,84.0,13,20,65.0,5,14,35.7,0,0.2,0.2,-0.2,5,1,2,1,2,"FW,MF",18,2004
102,Eric Dier,eng ENG,Bayern Munich,13.0,1042,1143,91.2,20714,8102,327,352,92.9,611,639,95.6,102,134,76.1,0,0.1,0.4,-0.1,2,61,1,1,53,DF,29,1994
103,Florian Dietz,de GER,Köln,0.8,13,19,68.4,135,12,12,14,85.7,1,2,50.0,0,0,,0,0.1,0.0,-0.1,2,0,0,0,0,"FW,MF",24,1998
104,Junior Dina Ebimbe,fr FRA,Eint Frankfurt,21.7,715,935,76.5,10995,2999,379,451,84.0,275,343,80.2,38,65,58.5,3,2.9,3.7,+0.1,20,62,19,3,79,"MF,DF",22,2000
105,Eren Dinkçi,de GER,Heidenheim,29.4,508,819,62.0,8305,3108,257,360,71.4,181,266,68.0,46,86,53.5,5,3.7,3.7,+1.3,36,65,33,15,89,"FW,MF",21,2001
106,Ritsu Doan,jp JPN,Freiburg,25.0,504,713,70.7,7391,2663,310,367,84.5,151,210,71.9,27,79,34.2,2,3.1,4.2,-1.1,31,49,22,4,78,"DF,MF",25,1998
107,Danilho Doekhi,nl NED,Union Berlin,24.0,738,919,80.3,13735,5232,273,311,87.8,379,434,87.3,72,146,49.3,0,0.2,1.0,-0.2,4,67,9,1,65,DF,25,1998
108,Niklas Dorsch,de GER,Augsburg,15.4,545,628,86.8,9719,2395,230,248,92.7,264,288,91.7,45,75,60.0,0,0.1,0.3,-0.1,3,41,2,1,47,MF,25,1998
109,Nikola Dovedan,at AUT,Heidenheim,7.3,125,204,61.3,2162,589,60,84,71.4,50,69,72.5,10,27,37.0,1,0.6,0.8,+0.4,8,12,3,0,22,"MF,FW",29,1994
110,Damion Downs,de GER,Köln,2.0,24,36,66.7,316,48,14,18,77.8,3,5,60.0,3,4,75.0,0,0.0,0.1,0.0,0,0,1,1,0,"FW,MF",19,2004
111,Dion Drena Beljo,hr CRO,Augsburg,6.5,115,160,71.9,1717,335,55,77,71.4,47,59,79.7,4,6,66.7,0,0.5,0.8,-0.5,8,5,8,1,20,"FW,MF",21,2002
112,Tim Drexler,de GER,Hoffenheim,6.4,315,349,90.3,5021,1532,158,168,94.0,141,148,95.3,11,22,50.0,0,0.0,0.0,0.0,1,14,0,0,12,DF,18,2005
113,Marvin Ducksch,de GER,Werder Bremen,30.0,566,950,59.6,9838,3256,273,360,75.8,184,300,61.3,84,203,41.4,9,7.8,6.5,+1.2,58,41,30,2,88,FW,29,1994
114,Julien Duranville,be BEL,Dortmund,0.1,0,4,0.0,0,0,0,0,,0,3,0.0,0,0,,0,0.0,0.0,0.0,0,0,0,0,0,"FW,MF",17,2006
115,Maximilian Eggestein,de GER,Freiburg,32.4,1080,1330,81.2,16943,5068,528,611,86.4,463,523,88.5,55,82,67.1,2,2.8,2.4,-0.8,25,103,20,1,162,MF,26,1996
116,Lilian Egloff,de GER,Stuttgart,1.2,32,41,78.0,481,131,16,17,94.1,11,15,73.3,2,4,50.0,0,0.0,0.0,0.0,0,2,0,0,2,"MF,DF",20,2002
117,Hugo Ekitike,fr FRA,Eint Frankfurt,8.0,131,193,67.9,1934,348,77,110,70.0,38,49,77.6,11,13,84.6,2,1.7,1.5,+0.3,12,13,3,1,9,FW,21,2002
118,Elif Elmas,mk MKD,RB Leipzig,3.0,100,120,83.3,1288,291,66,73,90.4,29,31,93.5,1,5,20.0,0,0.1,0.4,-0.1,2,6,2,0,9,"MF,FW",23,1999
119,Nico Elvedi,ch SUI,Gladbach,27.6,1500,1690,88.8,26281,8034,585,646,90.6,821,874,93.9,72,124,58.1,1,0.1,0.4,+0.9,3,74,4,1,109,DF,26,1996
120,Arne Engels,be BEL,Augsburg,15.6,394,587,67.1,7179,2583,171,213,80.3,160,210,76.2,50,113,44.2,2,1.2,1.8,+0.8,19,35,17,6,52,"MF,DF",19,2003
121,Ohis Felix Uduokhai,de GER,Augsburg,32.5,1349,1658,81.4,25826,9681,477,549,86.9,725,815,89.0,132,261,50.6,0,0.8,1.3,-0.8,9,93,5,0,101,DF,25,1997
122,Edimilson Fernandes,ch SUI,Mainz 05,14.3,615,801,76.8,12814,5042,214,242,88.4,295,335,88.1,98,200,49.0,2,0.7,1.9,+1.3,18,54,11,3,53,DF,27,1996
123,Nacho Ferri,es ESP,Eint Frankfurt,0.8,13,26,50.0,149,46,11,14,78.6,2,8,25.0,0,1,0.0,0,0.0,0.0,0.0,1,2,0,0,2,"FW,MF",18,2004
124,Max Finkgräfe,de GER,Köln,19.5,598,859,69.6,10280,4077,277,339,81.7,270,355,76.1,45,118,38.1,0,1.6,1.6,-1.6,23,46,12,7,53,"DF,FW",19,2004
125,Kilian Fischer,de GER,Wolfsburg,3.2,104,148,70.3,1728,588,56,65,86.2,42,59,71.2,6,16,37.5,0,0.1,0.3,-0.1,2,5,3,1,6,"DF,MF",22,2000
126,Jonas Föhrenbach,de GER,Heidenheim,31.0,1046,1462,71.5,20703,9260,382,457,83.6,508,652,77.9,146,288,50.7,0,0.8,1.4,-0.8,13,74,24,13,96,DF,27,1996
127,Emil Forsberg,se SWE,RB Leipzig,5.2,163,199,81.9,2572,551,95,107,88.8,54,60,90.0,12,17,70.6,1,0.9,0.4,+0.1,6,14,3,0,22,"MF,FW",31,1991
128,Philipp Förster,de GER,Bochum,4.3,156,208,75.0,2499,694,84,101,83.2,54,80,67.5,14,19,73.7,0,0.5,0.8,-0.5,9,9,8,3,21,"MF,FW",28,1995
129,Bartol Franjić,hr CRO,Darmstadt 98,13.7,462,556,83.1,8068,1949,203,240,84.6,211,234,90.2,40,56,71.4,1,0.2,0.3,+0.8,2,39,2,1,50,MF,23,2000
130,Marco Friedl,at AUT,Werder Bremen,24.4,930,1081,86.0,19543,6566,250,275,90.9,536,572,93.7,141,215,65.6,0,0.1,0.3,-0.1,1,49,4,1,59,DF,25,1998
131,Marvin Friedrich,de GER,Gladbach,17.4,755,905,83.4,12979,5177,315,334,94.3,390,429,90.9,39,111,35.1,0,0.2,0.1,-0.2,5,29,1,0,34,DF,27,1995
132,Jeremie Frimpong,nl NED,Leverkusen,25.0,797,1026,77.7,10923,2301,541,622,87.0,206,279,73.8,29,49,59.2,7,5.9,5.4,+1.1,45,20,36,15,49,DF,22,2000
133,Chris Führich,de GER,Stuttgart,28.5,1112,1370,81.2,15384,4203,666,737,90.4,325,391,83.1,52,121,43.0,7,8.0,9.2,-1.0,53,59,61,9,145,"FW,MF",25,1998
134,Shiō Fukuda,jp JPN,Gladbach,0.4,3,6,50.0,34,5,2,2,100.0,1,4,25.0,0,0,,0,0.0,0.0,0.0,1,0,0,0,0,"FW,MF",19,2004
135,Niclas Füllkrug,de GER,Werder Bremen,2.0,48,66,72.7,799,274,27,33,81.8,15,22,68.2,6,7,85.7,0,0.3,0.4,-0.3,2,7,2,0,9,FW,30,1993
136,Niclas Füllkrug,de GER,Dortmund,24.6,378,572,66.1,4822,1141,241,340,70.9,75,110,68.2,23,36,63.9,8,3.1,3.3,+4.9,34,25,16,1,49,FW,30,1993
137,Cristian Gamboa,cr CRC,Bochum,13.2,350,475,73.7,6353,2438,155,175,88.6,146,187,78.1,43,97,44.3,1,0.5,0.9,+0.5,10,28,12,6,33,DF,33,1989
138,Dennis Geiger,de GER,Hoffenheim,0.7,8,12,66.7,162,64,3,5,60.0,5,6,83.3,0,1,0.0,0,0.2,0.1,-0.2,1,3,0,0,3,MF,25,1998
139,Yannick Gerhardt,de GER,Wolfsburg,18.1,585,756,77.4,8438,2288,330,379,87.1,202,261,77.4,26,57,45.6,1,0.9,1.8,+0.1,14,43,8,2,49,"MF,DF",29,1994
140,Anwar El Ghazi,nl NED,Mainz 05,0.6,15,22,68.2,203,47,9,12,75.0,3,6,50.0,1,1,100.0,1,0.2,0.0,+0.8,2,1,0,0,4,"MF,DF",28,1995
141,Benedikt Gimber,de GER,Heidenheim,22.5,681,846,80.5,14351,4173,160,192,83.3,429,476,90.1,91,156,58.3,1,1.1,1.1,-0.1,3,14,0,0,25,DF,26,1997
142,Matthias Ginter,de GER,Freiburg,21.3,1039,1250,83.1,19708,7154,346,378,91.5,605,682,88.7,82,165,49.7,2,1.4,1.5,+0.6,5,86,9,2,136,DF,29,1994
143,Klaus Gjasula,al ALB,Darmstadt 98,15.1,615,746,82.4,12270,4995,211,237,89.0,308,354,87.0,86,128,67.2,0,0.2,0.8,-0.2,6,58,13,3,70,"DF,MF",33,1989
144,Serge Gnabry,de GER,Bayern Munich,4.8,180,214,84.1,2540,485,107,117,91.5,61,70,87.1,6,11,54.5,1,1.2,2.0,-0.2,9,8,13,0,23,"FW,MF",28,1995
145,Leon Goretzka,de GER,Bayern Munich,24.9,1559,1754,88.9,25969,7112,754,819,92.1,681,739,92.2,99,136,72.8,7,5.3,4.7,+1.7,32,176,27,2,176,MF,28,1995
146,Robin Gosens,de GER,Union Berlin,25.4,858,1184,72.5,13673,6207,450,544,82.7,308,429,71.8,73,129,56.6,3,3.0,3.3,0.0,33,78,35,17,97,"DF,MF",29,1994
147,Mario Götze,de GER,Eint Frankfurt,23.0,1050,1325,79.2,15793,4244,593,672,88.2,350,439,79.7,69,124,55.6,2,3.0,3.8,-1.0,35,81,32,5,115,MF,31,1992
148,Jeffrey Gouweleeuw,nl NED,Augsburg,28.8,1147,1490,77.0,24503,10362,334,375,89.1,636,711,89.5,167,354,47.2,0,1.8,1.6,-1.8,15,156,19,3,143,DF,32,1991
149,Jens Grahl,de GER,Eint Frankfurt,2.0,61,92,66.3,1503,965,10,10,100.0,41,43,95.3,10,39,25.6,1,0.2,0.0,+0.8,1,2,0,0,0,GK,34,1988
150,Ryan Gravenberch,nl NED,Bayern Munich,0.1,5,7,71.4,83,25,2,2,100.0,3,3,100.0,0,0,,0,0.2,0.1,-0.2,2,0,0,0,1,FW,21,2002
151,Michael Gregoritsch,at AUT,Freiburg,18.7,268,440,60.9,4009,1147,150,240,62.5,81,112,72.3,19,30,63.3,4,1.0,1.3,+3.0,15,21,15,2,48,FW,29,1994
152,Vincenzo Grifo,it ITA,Freiburg,25.8,971,1335,72.7,17305,4934,446,523,85.3,366,465,78.7,120,259,46.3,8,8.2,7.5,-0.2,56,87,42,14,115,"MF,FW",30,1993
153,Florian Grillitsch,at AUT,Hoffenheim,25.5,1496,1753,85.3,27923,11022,580,642,90.3,750,826,90.8,148,234,63.2,6,1.7,1.9,+4.3,19,152,20,3,152,"DF,MF",27,1995
154,Álex Grimaldo,es ESP,Leverkusen,30.9,1762,2148,82.0,24881,6698,1116,1208,92.4,500,606,82.5,88,200,44.0,13,9.1,11.1,+3.9,78,79,71,22,162,DF,27,1995
155,Christian Groß,de GER,Werder Bremen,8.9,427,499,85.6,7530,2997,162,187,86.6,229,254,90.2,26,39,66.7,1,0.4,0.3,+0.6,8,32,4,1,46,"DF,MF",34,1989
156,Brajan Gruda,de GER,Mainz 05,18.2,425,658,64.6,6601,2298,209,269,77.7,155,229,67.7,31,92,33.7,3,4.1,5.1,-1.1,43,31,31,3,71,"MF,FW",19,2004
157,Ilia Gruev,bg BUL,Werder Bremen,0.0,1,1,100.0,13,14,1,1,100.0,0,0,,0,0,,0,0.0,0.0,0.0,0,0,0,0,0,MF,23,2000
158,Raphaël Guerreiro,pt POR,Bayern Munich,13.2,880,1017,86.5,12817,4122,537,581,92.4,281,325,86.5,39,63,61.9,0,2.0,3.4,-2.0,23,68,26,9,86,"DF,MF",29,1993
159,Josuha Guilavogui,fr FRA,Mainz 05,4.5,155,180,86.1,2781,1138,59,64,92.2,83,90,92.2,9,19,47.4,1,0.1,0.2,+0.9,1,6,1,0,9,DF,32,1990
160,Serhou Guirassy,gn GUI,Stuttgart,24.5,629,777,81.0,7427,1176,430,489,87.9,129,163,79.1,17,23,73.9,3,6.6,5.4,-3.6,53,38,25,0,56,FW,27,1996
161,Péter Gulácsi,hu HUN,RB Leipzig,13.0,406,470,86.4,9045,4821,112,112,100.0,213,213,100.0,81,145,55.9,0,0.0,0.0,0.0,0,2,0,0,1,GK,33,1990
162,Manuel Gulde,de GER,Freiburg,22.7,942,1095,86.0,17496,5437,309,348,88.8,546,589,92.7,76,135,56.3,0,0.1,0.5,-0.1,3,59,6,1,74,DF,32,1991
163,Robert Gumny,pl POL,Augsburg,5.3,138,195,70.8,2584,1192,55,72,76.4,65,92,70.7,15,22,68.2,0,0.1,0.2,-0.1,2,7,1,1,18,DF,25,1998
164,Christian Günter,de GER,Freiburg,11.8,387,505,76.6,6330,2230,194,211,91.9,154,189,81.5,34,74,45.9,2,2.1,1.9,-0.1,18,18,11,9,23,DF,30,1993
165,Janik Haberer,de GER,Union Berlin,13.6,412,553,74.5,6596,1785,218,263,82.9,147,186,79.0,32,66,48.5,1,0.6,1.2,+0.4,10,28,6,5,47,"MF,DF",29,1994
166,Robin Hack,de GER,Gladbach,15.0,389,525,74.1,5837,1474,219,256,85.5,115,148,77.7,30,61,49.2,2,2.3,2.0,-0.3,25,25,16,6,46,"FW,MF",24,1998
167,Amadou Haidara,ml MLI,RB Leipzig,17.0,694,825,84.1,11528,4135,324,372,87.1,310,350,88.6,45,63,71.4,1,1.6,1.6,-0.6,17,95,19,1,97,MF,25,1998
168,Sébastien Haller,ci CIV,Dortmund,4.4,78,115,67.8,1019,237,47,66,71.2,19,27,70.4,3,3,100.0,1,0.7,0.9,+0.3,5,9,1,0,11,FW,29,1994
169,Andreas Hanche-Olsen,no NOR,Mainz 05,11.0,342,439,77.9,6167,2299,134,165,81.2,177,202,87.6,27,60,45.0,0,0.0,0.1,0.0,1,10,0,0,19,DF,26,1997
170,Isak Hansen-Aarøen,no NOR,Werder Bremen,0.3,11,14,78.6,161,52,5,6,83.3,4,5,80.0,1,2,50.0,0,0.1,0.1,-0.1,1,0,1,0,2,MF,18,2004
171,Genki Haraguchi,jp JPN,Stuttgart,0.3,14,18,77.8,205,53,8,9,88.9,5,5,100.0,1,3,33.3,0,0.0,0.0,0.0,0,2,0,0,3,MF,32,1991
172,Makoto Hasebe,jp JPN,Eint Frankfurt,2.4,166,189,87.8,3210,1037,52,56,92.9,100,109,91.7,14,23,60.9,0,0.0,0.2,0.0,0,7,2,0,10,"DF,MF",39,1984
173,Thorgan Hazard,be BEL,Dortmund,0.1,7,9,77.8,113,45,4,6,66.7,2,2,100.0,1,1,100.0,0,0.0,0.0,0.0,0,0,0,0,2,DF,30,1993
174,Dominique Heintz,de GER,Köln,6.3,349,423,82.5,6540,2053,130,144,90.3,186,205,90.7,31,63,49.2,0,0.5,0.7,-0.5,7,24,6,5,30,DF,29,1993
175,Benjamin Henrichs,de GER,RB Leipzig,28.1,1314,1670,78.7,21612,8038,657,743,88.4,548,673,81.4,85,165,51.5,5,4.4,6.0,+0.6,40,78,46,11,124,DF,26,1997
176,Patrick Herrmann,de GER,Gladbach,1.0,29,44,65.9,545,160,16,23,69.6,7,11,63.6,6,7,85.7,0,0.1,0.1,-0.1,3,2,1,0,6,"FW,DF",32,1991
177,Piero Hincapié,ec ECU,Leverkusen,16.5,1307,1435,91.1,19443,6533,758,788,96.2,469,509,92.1,52,91,57.1,2,0.5,0.9,+1.5,6,99,9,0,102,DF,21,2002
178,Adam Hložek,cz CZE,Leverkusen,5.1,123,152,80.9,1739,280,78,88,88.6,34,42,81.0,6,8,75.0,3,0.9,1.2,+2.1,9,5,2,0,13,"MF,FW",21,2002
179,Nicolas Höfler,de GER,Freiburg,25.9,985,1153,85.4,16479,4636,426,492,86.6,468,515,90.9,59,81,72.8,1,0.4,0.7,+0.6,9,82,6,0,94,MF,33,1990
180,Jonas Hofmann,de GER,Leverkusen,24.5,1214,1530,79.3,18608,4146,700,795,88.1,361,437,82.6,103,183,56.3,7,8.1,8.3,-1.1,78,71,41,5,119,MF,31,1992
181,Philipp Hofmann,de GER,Bochum,17.5,266,416,63.9,3468,648,167,233,71.7,77,130,59.2,6,10,60.0,2,1.7,1.3,+0.3,19,17,11,0,36,FW,30,1993
182,Lucas Höler,de GER,Freiburg,25.6,494,739,66.8,6619,1500,301,419,71.8,127,182,69.8,24,36,66.7,2,2.1,2.0,-0.1,32,34,12,1,49,"FW,MF",29,1994
183,Fabian Holland,de GER,Darmstadt 98,20.4,720,919,78.3,13141,4204,307,349,88.0,313,361,86.7,88,162,54.3,2,1.5,1.4,+0.5,17,84,9,2,87,"MF,DF",33,1990
184,Benedict Hollerbach,de GER,Union Berlin,14.2,253,398,63.6,3663,963,153,190,80.5,69,106,65.1,17,35,48.6,0,1.3,1.4,-1.3,14,18,18,5,39,"FW,MF",22,2001
185,Gerrit Holtmann,ph PHI,Darmstadt 98,4.4,113,155,72.9,1687,607,61,70,87.1,42,60,70.0,4,13,30.8,0,0.3,0.3,-0.3,5,12,4,0,18,"MF,FW",28,1995
186,Franck Honorat,fr FRA,Gladbach,26.1,802,1207,66.4,13080,5175,432,520,83.1,246,365,67.4,84,211,39.8,9,9.3,9.4,-0.3,89,37,56,28,93,"DF,FW",26,1996
187,Mathias Honsak,at AUT,Darmstadt 98,11.3,210,285,73.7,3092,747,120,147,81.6,66,84,78.6,14,22,63.6,1,0.7,0.7,+0.3,12,11,6,1,19,"FW,MF",26,1996
188,Fraser Hornby,sct SCO,Darmstadt 98,2.4,35,63,55.6,503,71,24,35,68.6,7,13,53.8,3,3,100.0,0,0.3,0.5,-0.3,4,0,2,0,2,"FW,MF",23,1999
189,Lukáš Hrádecký,fi FIN,Leverkusen,33.0,706,886,79.7,16511,12037,186,187,99.5,360,369,97.6,156,320,48.8,0,0.0,0.0,0.0,0,4,0,0,1,GK,33,1989
190,Timo Hübers,de GER,Köln,30.9,1473,1743,84.5,28520,10485,448,501,89.4,879,951,92.4,130,250,52.0,0,0.5,1.0,-0.5,6,105,7,1,104,DF,27,1996
191,Mats Hummels,de GER,Dortmund,17.6,1262,1418,89.0,25463,8497,381,402,94.8,722,781,92.4,150,202,74.3,0,0.9,1.4,-0.9,9,86,6,0,82,DF,34,1988
192,Denis Huseinbasic,de GER,Köln,18.1,674,791,85.2,11058,2909,324,364,89.0,287,310,92.6,46,74,62.2,3,0.7,0.7,+2.3,16,68,9,2,93,MF,22,2001
193,Iago,br BRA,Augsburg,18.0,536,735,72.9,9641,4071,240,278,86.3,217,293,74.1,63,109,57.8,1,1.6,2.9,-0.6,17,51,27,16,54,DF,26,1997
194,Borja Iglesias,es ESP,Leverkusen,2.8,58,75,77.3,752,113,33,42,78.6,19,20,95.0,1,1,100.0,0,0.3,0.4,-0.3,3,3,3,0,5,FW,30,1993
195,Joel Imasuen,us USA,Werder Bremen,0.0,1,1,100.0,8,0,1,1,100.0,0,0,,0,0,,0,0.0,0.0,0.0,0,0,0,0,0,FW,18,2004
196,Thomas Isherwood,se SWE,Darmstadt 98,7.1,223,268,83.2,4281,1293,75,80,93.8,127,142,89.4,18,35,51.4,0,0.0,0.1,0.0,1,13,4,0,11,DF,25,1998
197,Ko Itakura,jp JPN,Gladbach,17.7,798,910,87.7,14351,4876,305,336,90.8,422,454,93.0,60,98,61.2,0,0.2,0.6,-0.2,5,41,3,1,36,"DF,MF",26,1997
198,Hiroki Ito,jp JPN,Stuttgart,24.8,1833,2066,88.7,30156,11234,915,962,95.1,774,842,91.9,118,211,55.9,2,2.0,2.4,0.0,19,119,21,7,121,DF,24,1999
199,Lee Jae-sung,kr KOR,Mainz 05,23.5,605,777,77.9,8558,2153,350,416,84.1,193,244,79.1,28,50,56.0,3,3.4,2.2,-0.4,32,61,10,2,82,"MF,FW",30,1992
200,Paul Jaeckel,de GER,Union Berlin,2.6,121,136,89.0,2388,943,45,46,97.8,54,60,90.0,20,25,80.0,0,0.1,0.1,-0.1,2,7,1,0,14,DF,25,1998
201,Kristijan Jakić,hr CRO,Augsburg,11.7,398,503,79.1,6984,2584,160,194,82.5,184,219,84.0,38,60,63.3,1,0.3,0.8,+0.7,7,41,8,0,56,MF,26,1997
202,Kristijan Jakić,hr CRO,Eint Frankfurt,2.2,91,111,82.0,1453,356,48,56,85.7,38,41,92.7,4,6,66.7,0,0.2,0.2,-0.2,1,6,0,0,11,"MF,FW",26,1997
203,Tony Jantschke,de GER,Gladbach,0.3,12,12,100.0,208,130,5,5,100.0,7,7,100.0,0,0,,0,0.0,0.0,0.0,0,1,0,0,2,"DF,MF",33,1990
204,Nuha Jatta,gm GAM,RB Leipzig,0.0,0,0,,0,0,0,0,,0,0,,0,0,,0,0.0,0.0,0.0,0,0,0,0,0,FW,17,2006
205,Fredrik Jensen,fi FIN,Augsburg,14.9,290,476,60.9,5090,2039,143,190,75.3,98,136,72.1,37,93,39.8,4,4.3,4.9,-0.3,32,30,14,5,46,"MF,FW",25,1997
206,Moritz Jenz,de GER,Wolfsburg,19.4,941,1068,88.1,16823,6685,345,367,94.0,525,569,92.3,59,108,54.6,1,0.3,0.5,+0.7,4,41,1,0,47,DF,24,1999
207,Anthony Jung,de GER,Werder Bremen,28.7,1553,1795,86.5,28008,10414,629,674,93.3,764,842,90.7,137,215,63.7,0,0.3,0.9,-0.3,6,90,10,4,107,DF,31,1991
208,Josip Juranović,hr CRO,Union Berlin,14.4,513,725,70.8,10311,4748,191,215,88.8,224,291,77.0,89,182,48.9,2,2.3,3.0,-0.3,39,48,16,7,52,DF,27,1995
209,David Jurásek,cz CZE,Hoffenheim,5.5,166,256,64.8,2795,1295,71,81,87.7,84,120,70.0,8,36,22.2,1,1.0,0.8,0.0,6,6,6,5,12,DF,22,2000
210,Julian Justvan,de GER,Hoffenheim,0.5,35,55,63.6,560,223,20,27,74.1,12,19,63.2,3,5,60.0,0,0.0,0.1,0.0,0,4,3,1,5,"FW,MF",25,1998
211,Julian Justvan,de GER,Darmstadt 98,11.4,294,408,72.1,5159,2012,147,172,85.5,105,139,75.5,35,67,52.2,2,2.5,3.5,-0.5,23,34,19,3,56,"MF,FW",25,1998
212,Ozan Kabak,tr TUR,Hoffenheim,25.4,1159,1358,85.3,21139,7126,441,488,90.4,618,677,91.3,93,172,54.1,0,1.1,1.7,-1.1,8,92,16,2,110,DF,23,2000
213,Pavel Kadeřábek,cz CZE,Hoffenheim,26.8,888,1273,69.8,14192,5402,465,555,83.8,361,523,69.0,52,135,38.5,4,4.7,5.4,-0.7,36,70,31,21,88,"DF,FW",31,1992
214,Florian Kainz,at AUT,Köln,24.4,770,1119,68.8,14316,4837,322,379,85.0,328,419,78.3,100,248,40.3,4,3.3,4.5,+0.7,53,76,31,13,124,"MF,FW",30,1992
215,Sasa Kalajdzic,at AUT,Eint Frankfurt,3.6,61,79,77.2,887,179,32,38,84.2,18,27,66.7,5,6,83.3,1,0.5,0.1,+0.5,3,7,1,1,8,FW,26,1997
216,Jakub Kamiński,pl POL,Wolfsburg,5.3,152,195,77.9,2424,587,84,95,88.4,60,74,81.1,8,20,40.0,2,0.7,1.7,+1.3,6,11,7,2,18,"FW,MF",21,2002
217,Kevin Kampl,si SVN,RB Leipzig,15.1,931,1019,91.4,15489,3486,424,446,95.1,428,460,93.0,58,76,76.3,0,1.8,1.5,-1.8,15,67,12,3,88,MF,32,1990
218,Harry Kane,eng ENG,Bayern Munich,31.5,474,664,71.4,8936,2715,216,266,81.2,166,222,74.8,74,114,64.9,8,6.4,5.9,+1.6,31,66,41,6,102,FW,30,1993
219,Atakan Karazor,de GER,Stuttgart,29.1,1698,1900,89.4,24791,6910,946,1027,92.1,637,684,93.1,55,75,73.3,4,2.6,2.5,+1.4,29,138,19,3,142,MF,26,1996
220,Emir Karic,at AUT,Darmstadt 98,19.8,953,1210,78.8,15725,6219,492,551,89.3,361,439,82.2,81,152,53.3,0,1.3,1.9,-1.3,21,89,27,9,115,DF,26,1997
221,Silas Katompa,cd COD,Stuttgart,10.0,210,279,75.3,3355,617,93,112,83.0,96,113,85.0,11,24,45.8,2,2.3,1.7,-0.3,15,6,15,0,25,"FW,MF",24,1998
222,Mikkel Kaufmann,dk DEN,Union Berlin,5.4,67,126,53.2,956,318,39,65,60.0,16,31,51.6,5,8,62.5,0,1.0,0.4,-1.0,4,13,1,0,11,FW,22,2001
223,Naby Keïta,gn GUI,Werder Bremen,1.2,52,67,77.6,844,293,22,27,81.5,23,28,82.1,4,8,50.0,0,0.0,0.0,0.0,0,8,2,0,13,"MF,DF",28,1995
224,Yannik Keitel,de GER,Freiburg,10.2,443,560,79.1,8934,3894,145,170,85.3,239,260,91.9,57,115,49.6,0,0.4,0.2,-0.4,2,49,4,0,48,"DF,MF",23,2000
225,Thomas Keller,de GER,Heidenheim,0.0,5,7,71.4,73,37,3,3,100.0,0,0,,1,3,33.3,0,0.0,0.0,0.0,0,1,0,0,2,"MF,FW",23,1999
226,Aljoscha Kemlein,de GER,Union Berlin,0.3,7,9,77.8,122,52,3,4,75.0,3,3,100.0,1,1,100.0,0,0.0,0.0,0.0,0,1,0,0,0,MF,18,2004
227,Tobias Kempe,de GER,Darmstadt 98,15.0,413,557,74.1,6804,2095,223,251,88.8,127,160,79.4,48,101,47.5,2,2.1,2.5,-0.1,28,38,5,3,44,MF,34,1989
228,Rani Khedira,de GER,Union Berlin,14.9,329,450,73.1,5258,1287,160,192,83.3,135,174,77.6,19,45,42.2,0,0.1,0.5,-0.1,5,21,5,1,35,MF,29,1994
229,Luca Kilian,de GER,Köln,7.1,241,317,76.0,4399,1173,87,103,84.5,131,154,85.1,19,51,37.3,0,0.0,0.0,0.0,1,11,0,0,12,DF,23,1999
230,Joshua Kimmich,de GER,Bayern Munich,24.2,1951,2267,86.1,35635,10089,809,864,93.6,923,1013,91.1,187,320,58.4,6,7.1,9.3,-1.1,72,188,51,18,229,"MF,DF",28,1995
231,Christoph Klarer,at AUT,Darmstadt 98,26.2,1044,1200,87.0,20473,6575,336,363,92.6,586,633,92.6,111,176,63.1,2,0.9,1.0,+1.1,12,58,4,1,64,DF,23,2000
232,Tim Kleindienst,de GER,Heidenheim,31.9,516,874,59.0,7296,1708,295,462,63.9,147,231,63.6,30,47,63.8,3,3.3,2.0,-0.3,27,58,10,2,73,FW,27,1995
233,Lukas Klostermann,de GER,RB Leipzig,16.0,1035,1155,89.6,19235,6293,340,372,91.4,610,647,94.3,77,112,68.8,0,0.4,0.9,-0.4,5,77,7,0,90,DF,27,1996
234,Ansgar Knauff,de GER,Eint Frankfurt,23.4,475,747,63.6,7063,2278,274,355,77.2,160,245,65.3,26,60,43.3,2,2.3,2.7,-0.3,18,25,26,10,57,"MF,DF",21,2002
235,Robin Knoche,de GER,Union Berlin,21.3,931,1153,80.7,18490,7064,269,307,87.6,539,606,88.9,107,204,52.5,0,0.3,0.4,-0.3,3,49,3,0,71,DF,31,1992
236,Gregor Kobel,ch SUI,Dortmund,26.3,974,1175,82.9,24299,15016,210,211,99.5,500,505,99.0,259,450,57.6,0,0.0,0.0,0.0,0,13,1,0,0,GK,25,1997
237,Robin Koch,de GER,Eint Frankfurt,30.4,1902,2161,88.0,36596,12775,590,638,92.5,1145,1225,93.5,158,262,60.3,0,0.2,0.6,-0.2,4,97,4,0,116,DF,27,1996
238,Dominik Kohr,de GER,Mainz 05,24.3,876,1159,75.6,16488,5668,326,390,83.6,454,540,84.1,82,181,45.3,0,1.2,1.2,-1.2,15,87,15,5,99,"DF,MF",29,1994
239,Randal Kolo Muani,fr FRA,Eint Frankfurt,1.7,17,26,65.4,227,67,11,15,73.3,3,4,75.0,2,4,50.0,0,0.0,0.0,0.0,0,2,1,0,3,FW,24,1998
240,Mert Kömür,de GER,Augsburg,1.3,30,34,88.2,462,132,17,19,89.5,9,9,100.0,2,2,100.0,0,0.0,0.1,0.0,1,1,2,0,4,"MF,DF",18,2005
241,Manu Koné,fr FRA,Gladbach,17.3,583,688,84.7,8747,2218,330,368,89.7,199,225,88.4,31,44,70.5,0,1.2,0.8,-1.2,24,45,12,0,70,MF,22,2001
242,Odilon Kossonou,ci CIV,Leverkusen,20.1,1274,1428,89.2,19913,6199,680,733,92.8,497,535,92.9,75,105,71.4,0,0.7,1.5,-0.7,10,155,16,0,141,DF,22,2001
243,Tomáš Koubek,cz CZE,Augsburg,3.0,69,98,70.4,2113,1604,11,11,100.0,31,31,100.0,27,55,49.1,0,0.0,0.0,0.0,0,1,0,0,0,GK,30,1992
244,Matej Kovar,cz CZE,Leverkusen,1.0,17,17,100.0,376,274,4,4,100.0,9,9,100.0,4,4,100.0,0,0.0,0.0,0.0,0,0,0,0,0,GK,23,2000
245,Dawid Kownacki,pl POL,Werder Bremen,4.2,69,109,63.3,942,199,36,50,72.0,21,34,61.8,4,7,57.1,0,0.4,0.6,-0.4,5,10,1,0,10,FW,26,1997
246,Alex Král,cz CZE,Union Berlin,15.2,340,487,69.8,5624,1533,158,196,80.6,149,196,76.0,24,55,43.6,0,0.4,0.5,-0.4,5,32,6,2,44,MF,25,1998
247,Andrej Kramarić,hr CRO,Hoffenheim,24.4,904,1139,79.4,13884,3748,494,558,88.5,305,373,81.8,72,132,54.5,6,7.3,7.0,-1.3,78,67,22,3,119,"MF,FW",32,1991
248,Christoph Kramer,de GER,Gladbach,2.8,145,183,79.2,1896,667,87,108,80.6,38,43,88.4,7,12,58.3,0,0.1,0.4,-0.1,2,14,1,0,17,MF,32,1991
249,Frans Krätzig,de GER,Bayern Munich,0.6,45,50,90.0,705,183,24,26,92.3,18,20,90.0,2,3,66.7,0,0.3,0.1,-0.3,2,3,1,0,7,DF,20,2003
250,Tom Krauß,de GER,Mainz 05,15.0,486,651,74.7,7591,2399,262,314,83.4,186,228,81.6,28,61,45.9,2,0.4,0.8,+1.6,7,42,9,2,68,MF,22,2001
251,Lukas Kübler,de GER,Freiburg,20.5,805,1030,78.2,13760,4910,379,427,88.8,340,423,80.4,74,146,50.7,0,0.3,0.6,-0.3,4,74,4,2,70,DF,30,1992
252,Mahmut Kücüksahin,,Augsburg,0.0,4,4,100.0,59,17,3,3,100.0,1,1,100.0,0,0,,0,0.0,0.0,0.0,0,1,0,0,0,MF,19,2004
253,Christian Kühlwetter,de GER,Heidenheim,0.1,1,2,50.0,24,11,0,1,0.0,1,1,100.0,0,0,,1,0.6,0.4,+0.4,1,0,0,0,0,MF,27,1996
254,Moritz-Broni Kwarteng,gh GHA,Bochum,3.1,67,94,71.3,990,208,37,42,88.1,25,36,69.4,3,9,33.3,1,0.5,0.1,+0.5,4,3,2,0,6,FW,25,1998
255,Maxence Lacroix,fr FRA,Wolfsburg,26.2,1228,1449,84.7,24787,9524,396,448,88.4,674,748,90.1,150,216,69.4,1,0.8,1.3,+0.2,8,91,6,2,79,DF,23,2000
256,Aïssa Laïdouni,tn TUN,Union Berlin,11.9,404,512,78.9,6574,1856,194,228,85.1,154,191,80.6,35,52,67.3,3,1.0,1.6,+2.0,12,38,17,5,56,MF,26,1996
257,Konrad Laimer,at AUT,Bayern Munich,19.7,1294,1457,88.8,19611,5056,701,763,91.9,535,579,92.4,38,51,74.5,3,3.9,4.5,-0.9,24,104,26,7,127,"DF,MF",26,1997
258,Stefan Lainer,at AUT,Gladbach,8.3,375,483,77.6,5727,1973,203,232,87.5,151,191,79.1,15,38,39.5,1,0.7,1.1,+0.3,8,22,12,4,37,"DF,MF",30,1992
259,Hugo Larsson,se SWE,Eint Frankfurt,21.0,835,965,86.5,13897,3346,376,419,89.7,379,417,90.9,54,76,71.1,1,1.4,1.5,-0.4,10,52,8,4,68,MF,19,2004
260,Diogo Leite,pt POR,Union Berlin,30.0,1263,1581,79.9,23047,9175,511,569,89.8,596,687,86.8,126,249,50.6,0,0.2,0.7,-0.2,6,113,3,1,121,DF,24,1999
261,Maxim Leitsch,de GER,Mainz 05,4.2,133,171,77.8,2803,1006,35,51,68.6,79,92,85.9,17,24,70.8,0,0.0,0.1,0.0,0,7,1,0,7,DF,25,1998
262,Christopher Lenz,de GER,RB Leipzig,0.5,38,49,77.6,600,211,15,16,93.8,21,23,91.3,0,6,0.0,0,0.1,0.1,-0.1,1,3,0,0,2,"DF,MF",28,1994
263,Christopher Lenz,de GER,Eint Frankfurt,0.1,5,9,55.6,117,53,0,0,,4,4,100.0,1,4,25.0,0,0.0,0.0,0.0,0,1,0,0,1,DF,28,1994
264,Jamie Leweling,de GER,Stuttgart,16.9,470,599,78.5,6491,1524,291,337,86.4,136,175,77.7,21,41,51.2,4,3.2,3.1,+0.8,23,19,18,10,35,"FW,MF",22,2001
265,Philipp Lienhart,at AUT,Freiburg,14.1,814,982,82.9,16894,6421,236,268,88.1,465,501,92.8,111,199,55.8,0,1.1,0.6,-1.1,3,51,5,0,53,DF,27,1996
266,Matthijs de Ligt,nl NED,Bayern Munich,15.4,1120,1193,93.9,21822,7091,313,330,94.8,709,730,97.1,93,121,76.9,0,0.1,0.6,-0.1,3,109,1,1,98,DF,23,1999
267,Jesper Lindstrøm,dk DEN,Eint Frankfurt,0.9,24,32,75.0,384,27,10,13,76.9,13,15,86.7,0,0,,0,0.0,0.0,0.0,0,0,1,0,1,FW,23,2000
268,Dejan Ljubicic,at AUT,Köln,22.8,670,843,79.5,10615,2716,348,400,87.0,250,307,81.4,51,79,64.6,2,3.0,2.0,-1.0,28,54,20,5,84,"MF,FW",25,1997
269,Noah Loosli,ch SUI,Bochum,3.8,81,127,63.8,1325,512,39,48,81.3,34,49,69.4,7,23,30.4,0,0.0,0.0,0.0,0,4,1,0,6,DF,26,1997
270,Anthony Losilla,fr FRA,Bochum,28.6,649,896,72.4,9788,3147,330,434,76.0,257,342,75.1,30,50,60.0,2,1.5,1.0,+0.5,19,69,10,3,100,MF,37,1986
271,Castello Lukeba,fr FRA,RB Leipzig,24.3,1726,1885,91.6,30847,11113,636,673,94.5,982,1022,96.1,98,162,60.5,0,0.1,0.8,-0.1,4,107,8,2,107,DF,20,2002
272,Andreas Luthe,de GER,Bochum,1.0,25,49,51.0,1237,1147,0,0,,2,3,66.7,23,46,50.0,0,0.0,0.0,0.0,0,8,0,0,0,GK,36,1987
273,Senne Lynen,be BEL,Werder Bremen,20.0,746,903,82.6,13189,3571,321,370,86.8,334,394,84.8,76,109,69.7,3,1.8,1.2,+1.2,15,67,7,1,66,MF,24,1999
274,Ian Maatsen,nl NED,Dortmund,14.0,928,1060,87.5,14738,4217,508,544,93.4,320,360,88.9,65,93,69.9,2,1.4,1.7,+0.6,8,70,18,5,80,DF,21,2002
275,Matej Maglica,hr CRO,Darmstadt 98,18.9,759,999,76.0,15428,5811,237,265,89.4,409,475,86.1,105,224,46.9,0,0.7,1.0,-0.7,9,60,5,0,62,DF,24,1998
276,Arne Maier,de GER,Augsburg,11.1,449,593,75.7,8314,2523,183,212,86.3,182,227,80.2,68,115,59.1,4,2.3,2.8,+1.7,28,49,27,8,64,MF,24,1999
277,Linton Maina,de GER,Köln,21.1,484,661,73.2,6983,1773,295,343,86.0,161,209,77.0,21,46,45.7,3,3.1,3.3,-0.1,20,28,16,5,61,"FW,MF",24,1999
278,Patrick Mainka,de GER,Heidenheim,34.0,1289,1555,82.9,25821,10674,384,448,85.7,742,831,89.3,151,231,65.4,0,0.1,0.6,-0.1,3,77,2,0,122,DF,28,1994
279,Lovro Majer,hr CRO,Wolfsburg,23.4,760,1039,73.1,11960,3406,393,457,86.0,284,365,77.8,54,120,45.0,5,3.2,4.9,+1.8,38,86,29,6,124,"MF,FW",25,1998
280,Jordy Makengo,fr FRA,Freiburg,11.4,449,545,82.4,7494,2108,200,227,88.1,219,244,89.8,24,51,47.1,0,0.2,0.5,-0.2,5,36,5,4,52,DF,21,2001
281,Julián Malatini,ar ARG,Werder Bremen,6.7,295,364,81.0,5104,1552,135,151,89.4,137,156,87.8,20,42,47.6,0,0.2,0.2,-0.2,4,29,3,2,27,DF,22,2001
282,Donyell Malen,nl NED,Dortmund,19.8,410,546,75.1,5627,1551,262,310,84.5,109,144,75.7,18,33,54.5,1,3.0,3.4,-2.0,22,21,36,6,57,"FW,MF",24,1999
283,Lennard Maloney,us USA,Heidenheim,25.4,698,942,74.1,13838,3511,234,306,76.5,348,423,82.3,96,164,58.5,1,1.1,1.3,-0.1,8,58,6,0,62,MF,23,1999
284,David Mamutovic,de GER,Mainz 05,0.1,7,10,70.0,96,45,4,6,66.7,3,4,75.0,0,0,,0,0.0,0.0,0.0,0,3,0,0,0,"FW,DF",22,2000
285,Braydon Manu,gh GHA,Darmstadt 98,1.9,24,33,72.7,353,119,14,16,87.5,9,11,81.8,1,3,33.3,0,0.1,0.0,-0.1,3,4,0,0,1,MF,26,1997
286,Omar Marmoush,eg EGY,Eint Frankfurt,25.6,407,574,70.9,6183,1361,218,273,79.9,135,180,75.0,32,56,57.1,6,4.4,4.4,+1.6,40,31,21,2,60,"FW,MF",24,1999
287,Eric Martel,de GER,Köln,27.3,913,1126,81.1,14506,3416,421,495,85.1,422,488,86.5,38,73,52.1,1,1.1,0.8,-0.1,12,83,6,3,75,MF,21,2002
288,Erhan Mašović,rs SRB,Bochum,24.7,570,732,77.9,10260,3003,219,269,81.4,279,314,88.9,51,109,46.8,0,0.3,0.8,-0.3,4,43,5,0,47,"DF,MF",24,1998
289,Roberto Massimo,de GER,Stuttgart,0.9,30,39,76.9,482,109,14,18,77.8,13,14,92.9,2,3,66.7,0,0.0,0.0,0.0,1,1,0,0,3,"FW,DF",22,2000
290,Jean Mattéo Bahoya,fr FRA,Eint Frankfurt,2.0,62,82,75.6,996,107,30,37,81.1,26,32,81.3,5,7,71.4,0,0.1,0.1,-0.1,3,1,1,1,3,"MF,FW",18,2005
291,Philipp Max,de GER,Eint Frankfurt,15.0,742,898,82.6,11783,4002,386,415,93.0,299,358,83.5,45,91,49.5,2,2.8,2.4,-0.8,20,54,15,9,63,DF,29,1993
292,Eric Maxim Choupo-Moting,cm CMR,Bayern Munich,8.0,232,282,82.3,3095,675,151,166,91.0,58,73,79.5,10,13,76.9,2,1.8,1.4,+0.2,16,12,8,2,21,"MF,FW",34,1989
293,Noussair Mazraoui,ma MAR,Bayern Munich,13.3,865,980,88.3,12528,4216,514,550,93.5,309,341,90.6,27,40,67.5,3,1.8,2.4,+1.2,15,92,17,3,103,DF,25,1997
294,Kevin Mbabu,ch SUI,Augsburg,22.7,644,1020,63.1,11482,5396,288,365,78.9,274,419,65.4,69,167,41.3,2,1.9,3.9,+0.1,20,64,30,20,84,DF,28,1995
295,Noah Mbamba,be BEL,Leverkusen,0.2,19,20,95.0,259,85,11,11,100.0,7,7,100.0,0,0,,1,0.6,0.5,+0.4,1,4,1,1,2,MF,18,2005
296,Nathanael Mbuku,fr FRA,Augsburg,0.1,6,7,85.7,62,16,5,6,83.3,0,0,,0,0,,0,0.0,0.0,0.0,1,2,0,0,1,FW,21,2002
297,Marvin Mehlem,de GER,Darmstadt 98,16.5,448,587,76.3,7028,1674,235,279,84.2,167,200,83.5,28,51,54.9,2,1.1,1.5,+0.9,22,34,14,3,46,MF,25,1997
298,Thomas Meunier,be BEL,Dortmund,6.5,399,495,80.6,6833,2757,187,211,88.6,176,216,81.5,31,52,59.6,0,0.6,0.9,-0.6,4,25,2,0,33,DF,31,1991
299,Alexander Meyer,de GER,Dortmund,7.7,302,366,82.5,7428,4615,64,65,98.5,163,166,98.2,75,134,56.0,0,0.0,0.0,0.0,0,2,1,0,1,GK,32,1991
300,Sven Michel,de GER,Augsburg,6.5,97,173,56.1,1417,429,58,85,68.2,27,52,51.9,7,10,70.0,1,0.8,0.8,+0.2,10,7,11,4,14,"FW,MF",33,1990
301,Enzo Millot,fr FRA,Stuttgart,24.9,1238,1456,85.0,17707,4172,710,775,91.6,412,480,85.8,57,94,60.6,4,3.9,5.3,+0.1,33,97,31,4,127,"MF,FW",21,2002
302,Jovan Milošević,rs SRB,Stuttgart,0.3,8,13,61.5,87,17,4,5,80.0,2,3,66.7,0,1,0.0,0,0.0,0.0,0.0,0,1,0,0,1,"FW,MF",18,2005
303,Kim Min-jae,kr KOR,Bayern Munich,21.9,1986,2139,92.8,33551,13144,863,905,95.4,1011,1061,95.3,94,131,71.8,1,0.4,0.5,+0.6,8,129,2,0,131,DF,26,1996
304,Maximilian Mittelstädt,de GER,Stuttgart,23.4,1447,1708,84.7,21937,6603,799,864,92.5,521,611,85.3,74,133,55.6,4,4.2,6.7,-0.2,30,107,33,20,123,DF,26,1997
305,Marko Mladenović,rs SRB,Eint Frankfurt,0.1,2,3,66.7,29,4,2,3,66.7,0,0,,0,0,,0,0.0,0.0,0.0,0,0,0,0,0,MF,18,2005
306,Max Moerstedt,de GER,Hoffenheim,0.1,2,3,66.7,18,0,2,3,66.7,0,0,,0,0,,0,0.0,0.0,0.0,0,0,0,0,0,"DF,FW",,
307,Mateu Morey,es ESP,Dortmund,1.2,74,87,85.1,1052,352,42,47,89.4,27,32,84.4,3,5,60.0,0,0.1,0.1,-0.1,1,3,0,0,6,DF,23,2000
308,Youssoufa Moukoko,de GER,Dortmund,6.9,104,128,81.3,1323,325,70,80,87.5,20,24,83.3,5,6,83.3,0,0.3,0.7,-0.3,7,6,6,0,15,FW,18,2004
309,Andreas Müller,de GER,Darmstadt 98,3.9,129,168,76.8,1945,472,73,81,90.1,48,60,80.0,5,17,29.4,0,0.0,0.1,0.0,1,10,0,0,13,MF,23,2000
310,Jannik Müller,de GER,Darmstadt 98,12.6,424,549,77.2,8305,2641,152,189,80.4,217,254,85.4,50,86,58.1,0,0.1,0.2,-0.1,2,28,4,3,31,"DF,MF",29,1994
311,Kevin Müller,de GER,Heidenheim,34.0,1104,1482,74.5,34968,23711,76,77,98.7,571,576,99.1,457,826,55.3,0,0.0,0.1,0.0,1,25,1,0,0,GK,32,1991
312,Marcus Müller,de GER,Mainz 05,0.2,3,5,60.0,53,2,1,2,50.0,2,3,66.7,0,0,,0,0.0,0.1,0.0,0,0,0,0,1,MF,20,2002
313,Thomas Müller,de GER,Bayern Munich,18.4,602,810,74.3,9003,2348,339,402,84.3,211,287,73.5,33,67,49.3,9,8.4,7.9,+0.6,51,52,43,10,82,"MF,FW",33,1989
314,Jamal Musiala,de GER,Bayern Munich,19.5,621,772,80.4,8325,1957,388,444,87.4,189,221,85.5,17,28,60.7,5,6.0,5.8,-1.0,42,42,41,0,100,"MF,FW",20,2003
315,Florent Muslija,xk KVX,Freiburg,1.2,57,83,68.7,970,348,29,34,85.3,19,25,76.0,8,16,50.0,0,0.6,0.6,-0.6,6,5,5,0,13,"MF,FW",25,1998
316,Phillipp Mwene,at AUT,Mainz 05,22.2,652,934,69.8,11014,4320,330,393,84.0,235,334,70.4,69,148,46.6,2,2.0,2.6,0.0,22,49,32,15,73,DF,29,1994
317,Joakim Mæhle,dk DEN,Wolfsburg,27.2,1263,1555,81.2,19313,7037,694,760,91.3,473,573,82.5,60,121,49.6,3,2.7,5.2,+0.3,22,86,27,8,119,"DF,MF",26,1997
318,Nathan N'Goumou,fr FRA,Gladbach,15.4,329,445,73.9,4312,1007,206,255,80.8,87,115,75.7,16,27,59.3,2,1.7,2.9,+0.3,16,9,17,4,47,"FW,MF",23,2000
319,Stanley N'Soki,fr FRA,Hoffenheim,7.0,318,399,79.7,5355,2302,141,162,87.0,148,173,85.5,20,41,48.8,0,0.1,0.3,-0.1,2,21,3,0,37,DF,24,1999
320,Luca Netz,de GER,Gladbach,24.7,945,1220,77.5,14370,5250,516,586,88.1,335,419,80.0,58,136,42.6,4,3.0,3.1,+1.0,37,38,23,8,81,DF,20,2003
321,Manuel Neuer,de GER,Bayern Munich,22.8,754,876,86.1,18448,11570,140,141,99.3,411,418,98.3,203,317,64.0,0,0.0,0.0,0.0,0,14,0,0,8,GK,37,1986
322,Florian Neuhaus,de GER,Gladbach,13.6,470,567,82.9,7851,2269,240,273,87.9,175,201,87.1,40,60,66.7,2,1.8,2.6,+0.2,19,59,14,5,74,MF,26,1997
323,Jessic Ngankam,de GER,Mainz 05,2.0,13,24,54.2,176,18,5,10,50.0,6,11,54.5,0,0,,0,0.3,0.6,-0.3,4,0,0,0,1,"FW,MF",23,2000
324,Jessic Ngankam,de GER,Eint Frankfurt,3.1,33,45,73.3,359,31,25,32,78.1,5,7,71.4,0,0,,0,0.0,0.1,0.0,1,1,1,0,1,FW,23,2000
325,Moritz Nicolas,de GER,Gladbach,27.0,818,1055,77.5,20660,13537,164,164,100.0,440,450,97.8,212,433,49.0,0,0.0,0.0,0.0,0,5,0,0,0,GK,25,1997
326,Justin Njinmah,de GER,Werder Bremen,11.3,146,215,67.9,1980,397,89,121,73.6,43,58,74.1,6,9,66.7,2,2.4,2.2,-0.4,13,6,9,1,13,FW,22,2000
327,Niels Nkounkou,fr FRA,Eint Frankfurt,14.5,625,868,72.0,10861,4214,290,347,83.6,271,343,79.0,56,128,43.8,2,2.2,2.0,-0.2,16,57,19,4,61,"DF,MF",22,2000
328,Felix Nmecha,de GER,Dortmund,11.3,382,457,83.6,6003,1450,191,218,87.6,145,163,89.0,27,35,77.1,2,0.9,1.2,+1.1,14,34,7,0,45,MF,22,2000
329,Lukas Nmecha,de GER,Wolfsburg,0.5,6,12,50.0,81,15,2,6,33.3,1,1,100.0,1,1,100.0,0,0.0,0.0,0.0,1,1,0,0,1,FW,24,1998
330,Jonathan Norbye,no NOR,RB Leipzig,0.0,1,1,100.0,19,0,0,0,,1,1,100.0,0,0,,0,0.0,0.0,0.0,0,0,0,0,0,MF,16,2007
331,Alexander Nübel,de GER,Stuttgart,30.0,998,1218,81.9,24812,17557,199,200,99.5,539,556,96.9,258,456,56.6,0,0.0,0.0,0.0,0,13,1,0,1,GK,26,1996
332,Kasim Nuhu,gh GHA,Hoffenheim,0.1,1,3,33.3,25,0,0,0,,1,1,100.0,0,0,,0,0.0,0.0,0.0,0,0,0,0,0,DF,28,1995
333,Fabian Nürnberger,de GER,Darmstadt 98,16.8,713,895,79.7,11202,3439,388,430,90.2,261,315,82.9,46,97,47.4,1,2.0,2.6,-1.0,30,52,26,12,70,"DF,MF",24,1999
334,Tim Oermann,de GER,Bochum,7.9,181,262,69.1,3043,1352,92,113,81.4,71,94,75.5,16,33,48.5,0,0.3,0.4,-0.3,4,22,5,3,25,DF,19,2003
335,Masaya Okugawa,jp JPN,Augsburg,0.4,7,11,63.6,102,22,5,7,71.4,2,4,50.0,0,0,,0,0.0,0.0,0.0,0,0,0,0,1,"FW,DF",27,1996
336,Finn Ole Becker,de GER,Hoffenheim,6.7,247,315,78.4,3882,1192,132,151,87.4,86,104,82.7,22,40,55.0,0,0.4,0.7,-0.4,6,15,11,0,36,MF,23,2000
337,Mathias Olesen,lu LUX,Köln,1.2,42,53,79.2,639,170,24,29,82.8,15,17,88.2,2,3,66.7,0,0.0,0.2,0.0,1,5,2,1,7,"MF,FW",22,2001
338,Dani Olmo,es ESP,RB Leipzig,16.1,511,657,77.8,8589,2309,256,306,83.7,187,226,82.7,52,74,70.3,5,5.4,3.7,-0.4,32,60,21,7,68,MF,25,1998
339,Jonas Omlin,ch SUI,Gladbach,7.0,208,276,75.4,5517,3723,38,38,100.0,106,108,98.1,64,130,49.2,1,0.4,0.0,+0.6,1,1,0,0,0,GK,29,1994
340,Karim Onisiwo,at AUT,Mainz 05,16.6,205,338,60.7,2977,710,117,166,70.5,52,88,59.1,19,31,61.3,3,1.3,1.3,+1.7,16,19,9,5,27,"FW,MF",31,1992
341,Loïs Openda,be BEL,RB Leipzig,30.0,348,524,66.4,4561,1025,211,281,75.1,92,128,71.9,13,31,41.9,7,5.8,4.6,+1.2,35,21,21,5,45,FW,23,2000
342,Leon Opitz,de GER,Werder Bremen,0.2,6,13,46.2,101,38,4,5,80.0,1,5,20.0,1,2,50.0,0,0.0,0.0,0.0,0,0,0,0,0,"FW,DF",18,2005
343,Willi Orban,hu HUN,RB Leipzig,17.6,1251,1396,89.6,23362,8621,395,432,91.4,763,813,93.8,83,124,66.9,0,0.4,0.8,-0.4,7,67,4,1,97,DF,30,1992
344,Ivan Ordets,ua UKR,Bochum,20.9,473,653,72.4,9071,2797,157,215,73.0,268,325,82.5,44,89,49.4,0,0.5,1.7,-0.5,4,21,1,0,44,DF,31,1992
345,Patrick Osterhage,de GER,Bochum,20.7,658,835,78.8,9287,2817,378,439,86.1,200,248,80.6,35,59,59.3,1,0.8,0.7,+0.2,13,49,13,2,64,MF,23,2000
346,Salih Özcan,tr TUR,Dortmund,13.2,680,794,85.6,11028,2214,344,373,92.2,277,316,87.7,40,65,61.5,0,1.0,0.8,-1.0,11,54,7,0,57,MF,25,1998
347,Willian Pacho,ec ECU,Eint Frankfurt,33.0,1930,2286,84.4,35292,13419,677,748,90.5,1097,1195,91.8,135,280,48.2,3,1.1,1.6,+1.9,6,137,10,2,148,DF,21,2001
348,Gonçalo Paciência,pt POR,Bochum,7.2,111,176,63.1,1573,553,64,84,76.2,26,37,70.3,10,19,52.6,1,1.3,0.6,-0.3,9,20,7,2,21,"FW,MF",28,1994
349,Exequiel Palacios,ar ARG,Leverkusen,20.3,1856,2023,91.7,26250,8146,1153,1217,94.7,560,601,93.2,80,103,77.7,4,3.8,4.1,+0.2,27,186,31,2,162,MF,24,1998
350,Miloš Pantović,rs SRB,Union Berlin,0.2,4,7,57.1,45,23,2,3,66.7,1,1,100.0,0,1,0.0,0,0.0,0.0,0.0,0,0,0,0,0,MF,27,1996
351,Antonios Papadopoulos,de GER,Dortmund,1.3,59,74,79.7,1170,316,11,14,78.6,41,45,91.1,6,12,50.0,0,0.0,0.0,0.0,0,1,0,0,1,DF,23,1999
352,Matondo-Merveille Papela,de GER,Mainz 05,2.9,64,91,70.3,1034,318,33,37,89.2,26,35,74.3,4,12,33.3,0,0.3,0.2,-0.3,3,6,0,0,12,"MF,DF",22,2001
353,Leart Paqarada,xk KVX,Köln,11.9,490,717,68.3,8479,3953,243,282,86.2,178,228,78.1,57,149,38.3,0,1.7,3.0,-1.7,22,34,17,9,45,DF,28,1994
354,Kevin Paredes,us USA,Wolfsburg,15.9,455,592,76.9,6756,2043,260,301,86.4,148,191,77.5,27,52,51.9,0,1.4,1.9,-1.4,17,29,17,5,50,"FW,MF",20,2003
355,Felix Passlack,de GER,Bochum,10.7,262,414,63.3,4702,1695,105,126,83.3,121,174,69.5,24,65,36.9,2,1.2,1.2,+0.8,14,20,11,6,27,DF,25,1998
356,Jiří Pavlenka,cz CZE,Werder Bremen,7.0,187,246,76.0,4952,3302,39,39,100.0,93,93,100.0,54,113,47.8,0,0.0,0.0,0.0,0,0,0,0,0,GK,31,1992
357,Aleksandar Pavlovic,de GER,Bayern Munich,13.6,897,971,92.4,15356,4023,430,452,95.1,370,388,95.4,80,98,81.6,2,1.0,1.8,+1.0,11,95,12,1,105,MF,19,2004
358,Mads Pedersen,dk DEN,Augsburg,19.8,637,853,74.7,10860,3963,313,351,89.2,249,349,71.3,59,97,60.8,1,1.5,2.1,-0.5,12,46,21,8,66,DF,26,1996
359,Jordan Pefok,us USA,Gladbach,15.8,221,281,78.6,3069,514,123,153,80.4,65,74,87.8,12,16,75.0,3,2.5,1.9,+0.5,20,14,4,0,22,FW,27,1996
360,Jordan Pefok,us USA,Union Berlin,0.3,2,5,40.0,14,0,2,3,66.7,0,0,,0,0,,0,0.1,0.0,-0.1,2,0,0,0,0,FW,27,1996
361,Dženan Pejčinović,de GER,Wolfsburg,0.4,6,10,60.0,76,0,4,6,66.7,2,3,66.7,0,0,,0,0.1,0.0,-0.1,2,0,0,0,0,FW,18,2005
362,Daniel Peretz,il ISR,Bayern Munich,0.2,12,17,70.6,231,106,3,3,100.0,8,8,100.0,1,6,16.7,0,0.0,0.0,0.0,0,0,0,0,0,GK,23,2000
363,Matteo Perez Vinlöf,se SWE,Bayern Munich,0.2,11,13,84.6,156,22,7,7,100.0,4,4,100.0,0,1,0.0,0,0.0,0.0,0.0,0,0,0,0,0,FW,17,2005
364,Pavao Pervan,at AUT,Wolfsburg,9.0,229,300,76.3,6220,4414,55,55,100.0,105,108,97.2,68,136,50.0,0,0.0,0.0,0.0,0,2,0,0,0,GK,35,1987
365,Jens Petter Hauge,no NOR,Eint Frankfurt,1.6,69,85,81.2,1097,270,33,39,84.6,31,36,86.1,4,6,66.7,0,0.1,0.4,-0.1,2,4,4,0,6,"MF,FW",23,1999
366,Luca Pfeiffer,de GER,Darmstadt 98,18.0,290,414,70.0,4273,930,169,216,78.2,96,137,70.1,16,32,50.0,4,1.7,1.0,+2.3,19,20,8,1,37,"FW,MF",26,1996
367,Patric Pfeiffer,de GER,Augsburg,5.7,193,267,72.3,4034,1515,56,65,86.2,105,132,79.5,30,58,51.7,1,0.8,0.6,+0.2,4,15,3,1,19,DF,23,1999
368,Maximilian Philipp,de GER,Freiburg,3.6,81,109,74.3,1056,161,47,54,87.0,24,32,75.0,2,3,66.7,0,0.4,0.4,-0.4,3,6,2,1,6,"FW,MF",29,1994
369,Florian Pick,de GER,Heidenheim,3.6,118,183,64.5,2066,705,47,65,72.3,50,64,78.1,15,35,42.9,1,0.8,1.1,+0.2,9,4,5,3,12,"MF,FW",27,1995
370,Amos Pieper,de GER,Werder Bremen,6.6,229,312,73.4,4549,1880,79,100,79.0,114,131,87.0,33,66,50.0,0,0.8,0.5,-0.8,2,25,2,0,24,DF,25,1998
371,Marvin Pieringer,de GER,Heidenheim,16.8,298,431,69.1,4439,992,166,227,73.1,93,132,70.5,22,33,66.7,3,2.1,1.5,+0.9,14,30,10,0,41,"MF,FW",23,1999
372,Alassane Pléa,fr FRA,Gladbach,21.3,541,774,69.9,8777,2694,282,345,81.7,186,267,69.7,52,87,59.8,4,4.0,4.1,0.0,36,47,38,3,115,"FW,MF",30,1993
373,Ole Pohlmann,de GER,Dortmund,0.6,13,20,65.0,164,2,9,9,100.0,3,5,60.0,0,4,0.0,0,0.1,0.0,-0.1,1,0,0,0,0,MF,22,2001
374,Sebastian Polter,de GER,Darmstadt 98,5.0,65,112,58.0,872,241,31,52,59.6,26,39,66.7,1,1,100.0,1,0.6,0.5,+0.4,3,5,2,1,13,FW,32,1991
375,Yussuf Poulsen,dk DEN,RB Leipzig,13.5,207,289,71.6,2552,622,130,164,79.3,48,66,72.7,6,10,60.0,2,1.0,2.3,+1.0,13,8,5,2,16,FW,29,1994
376,Grischa Prömel,de GER,Hoffenheim,23.8,802,983,81.6,12526,2950,414,470,88.1,317,360,88.1,47,87,54.0,5,2.8,2.2,+2.2,21,74,17,2,96,MF,28,1995
377,Gustavo Puerta,co COL,Leverkusen,0.5,39,42,92.9,596,209,20,21,95.2,16,17,94.1,3,4,75.0,0,0.1,0.1,-0.1,1,4,1,0,8,"DF,MF",20,2003
378,Luca Raimund,de GER,Stuttgart,0.3,16,23,69.6,203,18,11,14,78.6,5,7,71.4,0,0,,0,0.0,0.0,0.0,0,0,1,0,1,"FW,MF",18,2005
379,Grant Ranos,am ARM,Gladbach,0.5,20,25,80.0,262,76,9,10,90.0,8,11,72.7,0,1,0.0,0,0.0,0.1,0.0,0,2,0,0,3,"MF,FW",20,2003
380,Nicolai Rapp,de GER,Werder Bremen,0.8,32,40,80.0,563,213,12,14,85.7,18,22,81.8,2,3,66.7,0,0.0,0.0,0.0,0,0,0,0,2,DF,26,1996
381,David Raum,de GER,RB Leipzig,30.4,1566,2154,72.7,28030,10264,680,769,88.4,697,906,76.9,162,371,43.7,8,7.3,10.7,+0.7,68,92,62,34,131,DF,25,1998
382,Rocco Reitz,de GER,Gladbach,23.7,782,1043,75.0,12375,4208,417,489,85.3,285,368,77.4,54,99,54.5,3,2.4,2.6,+0.6,20,80,17,2,110,MF,21,2002
383,Marco Reus,de GER,Dortmund,17.8,588,707,83.2,8017,2071,339,374,90.6,172,202,85.1,30,46,65.2,8,5.1,3.7,+2.9,36,38,20,2,64,"MF,FW",34,1989
384,Elvis Rexhbeçaj,de GER,Augsburg,22.1,523,709,73.8,8584,2372,240,297,80.8,212,272,77.9,44,75,58.7,0,0.5,1.3,-0.5,13,63,18,5,91,MF,25,1997
385,Gio Reyna,us USA,Dortmund,3.1,166,193,86.0,2376,582,105,112,93.8,51,63,81.0,5,7,71.4,0,0.8,1.1,-0.8,7,15,7,2,20,"MF,FW",20,2002
386,Marco Richter,de GER,Mainz 05,8.0,184,291,63.2,3183,1076,91,111,82.0,59,98,60.2,26,58,44.8,0,1.3,2.1,-1.3,11,23,11,3,30,"MF,FW",25,1997
387,Clemens Riedel,de GER,Darmstadt 98,8.4,490,576,85.1,9609,3088,164,185,88.6,266,286,93.0,55,84,65.5,0,0.7,0.3,-0.7,6,37,3,0,47,DF,20,2003
388,Manuel Riemann,de GER,Bochum,33.0,1031,1715,60.1,36529,30871,129,133,97.0,332,343,96.8,566,1226,46.2,0,0.2,0.4,-0.2,4,92,7,2,19,GK,34,1988
389,Sebastian Rode,de GER,Eint Frankfurt,0.7,44,57,77.2,670,232,23,29,79.3,16,21,76.2,2,4,50.0,0,0.1,0.5,-0.1,1,3,5,0,11,MF,32,1990
390,Rogério,br BRA,Wolfsburg,10.1,455,552,82.4,7185,2809,241,262,92.0,181,222,81.5,24,39,61.5,0,0.4,0.9,-0.4,6,29,11,8,57,DF,25,1998
391,Merlin Röhl,de GER,Freiburg,16.4,365,458,79.7,5622,1221,187,233,80.3,139,157,88.5,25,36,69.4,4,2.5,2.1,+1.5,19,36,10,4,38,"MF,FW",21,2002
392,Frank Ronstadt,de GER,Darmstadt 98,0.8,35,42,83.3,479,178,21,23,91.3,13,15,86.7,0,1,0.0,0,0.1,0.1,-0.1,2,2,2,1,2,"DF,MF",26,1997
393,Anthony Rouault,fr FRA,Stuttgart,11.2,824,931,88.5,13730,5543,406,435,93.3,344,373,92.2,61,90,67.8,2,0.8,1.2,+1.2,8,64,5,1,68,DF,22,2001
394,Jérôme Roussillon,fr FRA,Union Berlin,8.4,263,355,74.1,4307,2077,135,160,84.4,105,137,76.6,18,39,46.2,1,0.6,0.6,+0.4,8,21,6,3,38,DF,30,1993
395,Fabian Rüdlin,de GER,Freiburg,0.1,4,5,80.0,89,35,1,1,100.0,2,3,66.7,1,1,100.0,0,0.0,0.0,0.0,0,0,0,0,1,MF,26,1997
396,Julian Ryerson,no NOR,Dortmund,19.6,974,1129,86.3,14916,3144,503,549,91.6,399,448,89.1,43,70,61.4,1,2.7,2.8,-1.7,14,46,7,5,64,DF,25,1997
397,Frederik Rønnow,dk DEN,Union Berlin,33.0,951,1316,72.3,26908,19806,173,173,100.0,475,483,98.3,296,651,45.5,0,0.1,0.1,-0.1,1,36,1,0,1,GK,30,1992
398,Marcel Sabitzer,at AUT,Dortmund,21.8,868,1067,81.3,12805,3494,478,539,88.7,292,344,84.9,51,98,52.0,3,1.8,3.0,+1.2,22,78,23,1,111,MF,29,1994
399,Roland Sallai,hu HUN,Freiburg,20.4,416,588,70.7,6140,1376,234,269,87.0,136,184,73.9,23,64,35.9,2,3.5,3.6,-1.5,29,26,28,12,41,"MF,FW",26,1997
400,Diadie Samassékou,ml MLI,Hoffenheim,0.0,2,2,100.0,25,0,1,1,100.0,1,1,100.0,0,0,,0,0.0,0.0,0.0,0,0,0,0,0,MF,27,1996
401,Jadon Sancho,eng ENG,Dortmund,10.5,414,512,80.9,5598,1668,270,311,86.8,105,122,86.1,17,28,60.7,2,3.0,3.3,-1.0,25,25,26,4,62,"FW,MF",23,2000
402,Leroy Sané,de GER,Bayern Munich,23.7,878,1098,80.0,12860,3036,538,612,87.9,254,311,81.7,57,98,58.2,11,10.8,9.5,+0.2,72,43,47,2,113,FW,27,1996
403,Amin Sarr,se SWE,Wolfsburg,4.3,95,130,73.1,1094,215,62,76,81.6,17,24,70.8,4,4,100.0,0,0.2,0.2,-0.2,2,5,5,0,12,"FW,MF",22,2001
404,Bouna Sarr,sn SEN,Bayern Munich,1.2,92,104,88.5,1371,286,53,58,91.4,35,40,87.5,3,4,75.0,0,0.0,0.1,0.0,0,9,1,1,2,DF,31,1992
405,Joe Scally,us USA,Gladbach,24.8,1052,1312,80.2,16405,5910,561,619,90.6,392,477,82.2,67,134,50.0,4,1.4,1.5,+2.6,16,38,15,10,75,DF,20,2002
406,András Schäfer,hu HUN,Union Berlin,13.5,418,557,75.0,5933,1768,234,275,85.1,138,183,75.4,18,37,48.6,2,1.5,1.0,+0.5,18,25,11,1,59,MF,24,1999
407,Patrik Schick,cz CZE,Leverkusen,11.8,184,231,79.7,2218,317,129,155,83.2,42,50,84.0,3,4,75.0,0,1.0,1.6,-1.0,8,8,5,0,17,FW,27,1996
408,Stefan Schimmer,de GER,Heidenheim,1.7,22,45,48.9,290,93,11,22,50.0,7,13,53.8,1,1,100.0,1,0.9,0.8,+0.1,1,1,1,1,2,"MF,FW",29,1994
409,Xaver Schlager,at AUT,RB Leipzig,27.5,1587,1798,88.3,26312,7551,749,808,92.7,703,757,92.9,104,152,68.4,5,2.6,3.1,+2.4,27,196,22,2,230,MF,25,1997
410,Keven Schlotterbeck,de GER,Bochum,24.3,802,1027,78.1,15211,6371,282,344,82.0,434,503,86.3,78,140,55.7,1,0.6,1.1,+0.4,10,53,5,1,93,DF,26,1997
411,Nico Schlotterbeck,de GER,Dortmund,31.8,2381,2681,88.8,46631,16883,822,869,94.6,1247,1339,93.1,282,399,70.7,1,1.9,2.1,-0.9,16,193,19,0,186,DF,23,1999
412,Romano Schmid,at AUT,Werder Bremen,28.9,941,1211,77.7,15062,4544,475,570,83.3,350,433,80.8,77,123,62.6,6,6.3,6.7,-0.3,51,93,46,13,144,"MF,FW",23,2000
413,Kenneth Schmidt,de GER,Freiburg,0.8,43,48,89.6,749,239,18,18,100.0,22,25,88.0,2,2,100.0,0,0.1,0.1,-0.1,2,2,1,1,4,DF,21,2002
414,Benno Schmitz,de GER,Köln,12.8,502,709,70.8,7950,3765,258,301,85.7,189,261,72.4,39,88,44.3,1,0.3,1.1,+0.7,5,41,16,6,70,DF,28,1994
415,Fabian Schnellhardt,de GER,Darmstadt 98,2.6,149,172,86.6,2555,498,59,66,89.4,77,83,92.8,9,13,69.2,0,0.1,0.1,-0.1,2,9,1,0,15,MF,29,1994
416,Jan Schöppner,de GER,Heidenheim,22.2,444,668,66.5,7530,2508,214,293,73.0,176,240,73.3,40,78,51.3,2,1.5,1.4,+0.5,13,40,10,0,72,MF,24,1999
417,Marcel Schuhen,de GER,Darmstadt 98,31.0,1064,1496,71.1,31713,23490,163,164,99.4,505,514,98.2,395,814,48.5,0,0.0,0.2,0.0,0,42,3,0,5,GK,30,1993
418,Marvin Schwäbe,de GER,Köln,34.0,1014,1305,77.7,26489,17868,171,172,99.4,553,565,97.9,289,557,51.9,0,0.1,0.2,-0.1,2,23,1,0,3,GK,28,1995
419,Alexander Schwolow,de GER,Union Berlin,1.0,29,36,80.6,814,589,4,4,100.0,15,15,100.0,10,17,58.8,0,0.0,0.0,0.0,0,0,0,0,0,GK,31,1992
420,Nicolas Seiwald,at AUT,RB Leipzig,8.0,320,390,82.1,5471,1792,148,167,88.6,139,162,85.8,27,43,62.8,2,0.3,0.4,+1.7,5,25,6,0,33,MF,22,2001
421,Davie Selke,de GER,Köln,14.1,144,234,61.5,1808,325,86,123,69.9,42,73,57.5,3,4,75.0,0,0.4,0.3,-0.4,11,12,4,0,17,FW,28,1995
422,Benjamin Šeško,si SVN,RB Leipzig,17.0,215,330,65.2,2541,538,135,183,73.8,53,77,68.8,4,10,40.0,2,1.1,1.3,+0.9,12,8,7,0,22,FW,20,2003
423,Kevin Sessa,de GER,Heidenheim,11.2,331,450,73.6,5953,1904,133,163,81.6,138,176,78.4,42,66,63.6,0,1.3,1.7,-1.3,17,40,13,2,51,"MF,FW",23,2000
424,Aaron Seydel,de GER,Darmstadt 98,6.9,110,190,57.9,1535,254,66,99,66.7,33,65,50.8,4,6,66.7,0,0.7,0.6,-0.7,9,9,1,0,10,FW,27,1996
425,Tim Siersleben,de GER,Heidenheim,10.1,456,559,81.6,9924,4378,127,145,87.6,246,270,91.1,81,137,59.1,0,0.5,0.4,-0.5,3,39,0,0,48,DF,23,2000
426,Kiliann Sildillia,fr FRA,Freiburg,20.1,847,1167,72.6,15116,5689,394,459,85.8,338,452,74.8,100,197,50.8,1,0.8,1.6,+0.2,11,61,19,12,70,DF,21,2002
427,Mohamed Simakan,fr FRA,RB Leipzig,23.8,1347,1573,85.6,23904,8042,530,594,89.2,720,790,91.1,83,152,54.6,3,3.3,2.9,-0.3,15,107,5,2,106,DF,23,2000
428,Xavi Simons,nl NED,RB Leipzig,29.5,1137,1434,79.3,17935,4994,611,693,88.2,367,442,83.0,106,168,63.1,11,9.8,9.0,+1.2,79,102,66,3,187,MF,20,2003
429,Tim Skarke,de GER,Darmstadt 98,26.7,622,855,72.7,10477,2900,307,364,84.3,219,294,74.5,72,127,56.7,0,2.1,3.0,-2.1,31,38,33,14,80,"FW,DF",26,1996
430,Ellyes Skhiri,tn TUN,Eint Frankfurt,24.1,1082,1287,84.1,17184,4753,541,593,91.2,432,495,87.3,71,120,59.2,2,1.0,1.9,+1.0,19,76,16,0,110,MF,28,1995
431,Robert Skov,dk DEN,Hoffenheim,14.0,542,736,73.6,9703,3351,226,260,86.9,252,315,80.0,56,116,48.3,4,1.9,1.8,+2.1,23,50,19,5,71,"DF,FW",27,1996
432,Hrvoje Smolčić,hr CRO,Eint Frankfurt,3.9,285,321,88.8,5288,1981,87,102,85.3,172,181,95.0,21,32,65.6,0,0.0,0.0,0.0,1,10,0,0,14,DF,22,2000
433,Danilo Soares,br BRA,Bochum,3.9,124,179,69.3,2028,942,65,75,86.7,50,79,63.3,8,20,40.0,0,0.1,0.1,-0.1,3,12,3,0,15,DF,31,1991
434,Borna Sosa,hr CRO,Stuttgart,0.5,27,43,62.8,481,122,16,17,94.1,7,13,53.8,4,11,36.4,0,0.3,0.1,-0.3,3,2,0,0,2,"FW,DF",25,1998
435,Anton Stach,de GER,Hoffenheim,25.8,1031,1309,78.8,16987,4924,527,603,87.4,396,476,83.2,83,164,50.6,3,3.5,2.5,-0.5,19,115,22,3,143,MF,24,1998
436,Anton Stach,de GER,Mainz 05,1.9,43,68,63.2,639,168,26,37,70.3,12,20,60.0,3,7,42.9,0,0.1,0.1,-0.1,2,7,1,0,8,MF,24,1998
437,Jens Stage,dk DEN,Werder Bremen,25.9,775,1042,74.4,12813,4152,383,491,78.0,332,414,80.2,50,86,58.1,1,1.9,1.8,-0.9,25,68,18,3,85,MF,26,1996
438,Josip Stanišić,hr CRO,Leverkusen,14.0,961,1077,89.2,14733,4167,564,593,95.1,316,349,90.5,63,93,67.7,1,1.7,1.7,-0.7,11,88,20,4,92,DF,23,2000
439,Niklas Stark,de GER,Werder Bremen,12.1,475,595,79.8,9883,4445,138,167,82.6,262,290,90.3,73,124,58.9,0,0.0,0.2,0.0,0,32,3,0,37,DF,28,1995
440,Pascal Stenzel,de GER,Stuttgart,11.8,715,824,86.8,13536,3889,304,330,92.1,293,327,89.6,104,134,77.6,5,3.2,2.4,+1.8,15,66,25,8,85,DF,27,1996
441,Leonidas Stergiou,ch SUI,Stuttgart,6.6,308,364,84.6,4390,1434,185,203,91.1,107,123,87.0,9,21,42.9,0,0.4,0.9,-0.4,5,18,7,5,17,DF,21,2002
442,Angelo Stiller,de GER,Hoffenheim,0.9,36,43,83.7,683,273,17,19,89.5,13,13,100.0,5,7,71.4,0,0.0,0.1,0.0,1,7,1,1,7,MF,22,2001
443,Angelo Stiller,de GER,Stuttgart,29.9,2346,2637,89.0,37536,11544,1147,1231,93.2,981,1047,93.7,141,243,58.0,5,5.1,5.4,-0.1,51,229,29,6,220,MF,22,2001
444,Kevin Stöger,at AUT,Bochum,29.6,1363,2028,67.2,25253,10738,604,760,79.5,508,711,71.4,208,415,50.1,10,9.9,9.8,+0.1,127,195,76,25,283,MF,29,1993
445,Filip Stojilković,ch SUI,Darmstadt 98,1.7,10,21,47.6,176,45,3,8,37.5,7,12,58.3,0,0,,0,0.0,0.0,0.0,0,2,1,0,3,"FW,MF",23,2000
446,Niklas Süle,de GER,Dortmund,16.8,1401,1505,93.1,26854,8405,497,519,95.8,741,780,95.0,149,180,82.8,0,0.2,0.6,-0.2,5,77,6,1,83,DF,27,1995
447,Mattias Svanberg,se SWE,Wolfsburg,19.1,574,807,71.1,8980,2918,306,369,82.9,204,270,75.6,38,104,36.5,3,2.3,2.5,+0.7,26,59,16,2,84,MF,24,1999
448,Attila Szalai,hu HUN,Hoffenheim,3.2,131,178,73.6,2249,1119,53,62,85.5,63,77,81.8,10,30,33.3,0,0.5,0.8,-0.5,2,10,2,1,13,DF,25,1998
449,Attila Szalai,hu HUN,Freiburg,1.1,58,72,80.6,1064,580,20,23,87.0,33,39,84.6,4,8,50.0,0,0.1,0.2,-0.1,1,2,1,0,5,DF,25,1998
450,Jonathan Tah,de GER,Leverkusen,29.2,2070,2193,94.4,32998,13638,1045,1077,97.0,908,962,94.4,89,110,80.9,1,0.3,0.9,+0.7,5,164,1,0,133,DF,27,1996
451,Edmond Tapsoba,bf BFA,Leverkusen,23.2,1795,1973,91.0,29578,12526,878,930,94.4,758,813,93.2,118,167,70.7,1,1.0,1.4,0.0,9,193,8,0,164,DF,24,1999
452,Mathys Tel,fr FRA,Bayern Munich,11.7,340,410,82.9,5395,862,183,204,89.7,135,156,86.5,18,25,72.0,5,2.3,3.0,+2.7,12,23,19,6,27,"FW,MF",18,2005
453,Nathan Tella,ng NGA,Leverkusen,9.1,279,351,79.5,3946,979,175,195,89.7,86,107,80.4,8,23,34.8,2,3.2,2.9,-1.2,14,9,18,5,28,"DF,MF",24,1999
454,Norman Theuerkauf,de GER,Heidenheim,14.0,462,590,78.3,9518,3473,167,196,85.2,211,253,83.4,75,112,67.0,1,0.8,1.5,+0.2,13,42,7,2,46,"MF,DF",36,1987
455,Jan Thielmann,de GER,Köln,17.5,364,551,66.1,6590,2186,150,201,74.6,172,225,76.4,38,79,48.1,0,1.1,1.2,-1.1,16,25,13,8,51,"FW,DF",21,2002
456,Denis Thomalla,de GER,Heidenheim,5.0,143,191,74.9,2466,675,66,88,75.0,54,71,76.1,17,20,85.0,0,0.4,0.8,-0.4,4,9,4,1,22,"MF,FW",30,1992
457,Phillip Tietz,de GER,Augsburg,26.5,332,534,62.2,4822,1198,191,280,68.2,101,152,66.4,22,36,61.1,4,2.6,3.4,+1.4,29,32,15,1,51,FW,26,1997
458,Steffen Tigges,de GER,Köln,8.1,118,203,58.1,1535,310,69,115,60.0,38,59,64.4,2,6,33.3,0,1.6,0.7,-1.6,10,6,5,0,10,FW,25,1998
459,Umut Tohumcu,de GER,Hoffenheim,11.2,366,419,87.4,5711,1505,203,216,94.0,134,150,89.3,24,33,72.7,2,1.1,2.0,+0.9,9,45,11,2,46,MF,18,2004
460,Tiago Tomás,pt POR,Wolfsburg,11.5,181,278,65.1,2524,435,112,145,77.2,54,83,65.1,8,21,38.1,1,0.8,0.9,+0.2,9,7,10,1,17,"FW,MF",21,2002
461,Fabio Torsiello,it ITA,Darmstadt 98,1.7,21,27,77.8,367,173,10,10,100.0,6,8,75.0,3,7,42.9,0,0.0,0.1,0.0,0,2,2,1,4,"FW,DF",18,2005
462,Lucas Tousart,fr FRA,Union Berlin,17.5,389,523,74.4,6364,1878,184,232,79.3,151,183,82.5,33,51,64.7,0,0.9,0.4,-0.9,7,33,2,0,51,MF,26,1997
463,Omar Traoré,de GER,Heidenheim,27.5,881,1240,71.0,15012,6810,400,465,86.0,375,501,74.9,80,183,43.7,2,1.3,1.8,+0.7,19,58,28,15,78,DF,25,1998
464,Kevin Trapp,de GER,Eint Frankfurt,32.0,867,1166,74.4,20302,13375,230,230,100.0,443,449,98.7,193,479,40.3,0,0.0,0.0,0.0,0,8,1,0,1,GK,33,1990
465,Christopher Trimmel,at AUT,Union Berlin,18.3,631,951,66.4,11883,5699,270,317,85.2,249,344,72.4,99,237,41.8,2,2.1,3.7,-0.1,39,70,25,14,86,DF,36,1987
466,Tuta,br BRA,Eint Frankfurt,28.9,1614,1906,84.7,29332,10105,648,706,91.8,830,911,91.1,121,228,53.1,2,2.1,2.0,-0.1,12,118,16,2,138,DF,24,1999
467,Lukas Ullrich,de GER,Gladbach,0.5,10,23,43.5,137,14,7,11,63.6,3,3,100.0,0,6,0.0,0,0.0,0.0,0.0,0,0,0,0,0,"DF,FW",19,2004
468,Sven Ulreich,de GER,Bayern Munich,11.0,333,395,84.3,7176,4963,89,90,98.9,192,194,99.0,51,110,46.4,0,0.0,0.0,0.0,1,2,0,0,0,GK,34,1988
469,Deniz Undav,de GER,Stuttgart,23.2,595,799,74.5,8387,2679,342,420,81.4,186,230,80.9,27,47,57.4,10,6.5,6.1,+3.5,39,67,44,2,120,"FW,MF",27,1996
470,Dayot Upamecano,fr FRA,Bayern Munich,19.6,1678,1813,92.6,32907,9994,538,570,94.4,952,1008,94.4,180,204,88.2,0,0.5,0.9,-0.5,6,148,2,0,137,DF,24,1998
471,Mark Uth,de GER,Köln,4.1,111,168,66.1,1871,584,54,57,94.7,34,51,66.7,15,35,42.9,1,1.4,0.7,-0.4,10,10,3,1,13,"MF,FW",31,1991
472,Josha Vagnoman,de GER,Stuttgart,13.1,516,615,83.9,7361,1690,306,340,90.0,168,201,83.6,20,31,64.5,2,1.3,1.4,+0.7,7,24,5,1,33,DF,22,2000
473,Ruben Vargas,ch SUI,Augsburg,21.8,474,684,69.3,7631,2104,232,288,80.6,189,260,72.7,32,70,45.7,5,2.4,3.2,+2.6,26,30,30,5,77,"MF,FW",24,1998
474,Miloš Veljković,rs SRB,Werder Bremen,21.3,1066,1295,82.3,22332,7585,315,360,87.5,580,642,90.3,164,263,62.4,1,0.8,0.9,+0.2,6,65,14,6,89,DF,27,1995
475,Yorbe Vertessen,be BEL,Union Berlin,6.6,98,138,71.0,1119,351,68,88,77.3,19,26,73.1,1,2,50.0,2,1.3,0.7,+0.7,7,9,5,0,13,"FW,MF",22,2001
476,Oscar Vilhelmsson,se SWE,Darmstadt 98,15.3,123,212,58.0,1513,234,78,115,67.8,32,54,59.3,3,11,27.3,1,0.7,0.6,+0.3,11,5,2,0,7,"FW,MF",19,2003
477,Kevin Vogt,de GER,Hoffenheim,14.7,813,939,86.6,17137,7528,237,252,94.0,413,460,89.8,146,201,72.6,0,0.1,0.4,-0.1,2,79,11,0,84,DF,31,1991
478,Kevin Vogt,de GER,Union Berlin,14.7,652,735,88.7,15023,5955,123,129,95.3,392,415,94.5,131,180,72.8,0,0.0,0.2,0.0,1,31,2,0,41,DF,31,1991
479,Kevin Volland,de GER,Union Berlin,14.9,258,420,61.4,4382,1570,135,184,73.4,80,124,64.5,31,67,46.3,4,2.6,2.3,+1.4,20,30,18,5,48,"FW,MF",31,1992
480,Aster Vranckx,be BEL,Wolfsburg,12.8,499,585,85.3,8276,1835,244,269,90.7,190,212,89.6,47,74,63.5,0,0.3,0.3,-0.3,5,37,4,2,48,MF,20,2002
481,Luca Waldschmidt,de GER,Köln,12.7,320,448,71.4,5187,1308,150,180,83.3,125,163,76.7,31,60,51.7,0,1.2,1.8,-1.2,16,23,10,4,46,"MF,FW",27,1996
482,Kjell-Arik Wätjen,de GER,Dortmund,1.2,46,53,86.8,771,285,23,25,92.0,19,23,82.6,4,4,100.0,1,1.2,0.2,-0.2,3,3,1,0,8,"MF,FW",17,2006
483,Wout Weghorst,nl NED,Hoffenheim,22.0,414,571,72.5,5269,1114,262,339,77.3,102,138,73.9,17,23,73.9,3,3.5,2.8,-0.5,34,27,20,0,57,FW,30,1992
484,Julian Weigl,de GER,Gladbach,30.7,1311,1473,89.0,23744,6245,522,568,91.9,629,673,93.5,130,169,76.9,3,2.1,1.4,+0.9,24,105,10,1,105,MF,27,1995
485,Nelson Weiper,de GER,Mainz 05,1.4,24,40,60.0,301,40,13,17,76.5,7,12,58.3,0,0,,0,0.2,0.1,-0.2,2,2,1,0,2,"FW,MF",18,2005
486,Mitchell Weiser,de GER,Werder Bremen,29.3,1074,1443,74.4,17176,7158,585,682,85.8,398,506,78.7,71,149,47.7,7,4.2,5.8,+2.8,37,78,42,23,111,"DF,MF",29,1994
487,Noah Weißhaupt,de GER,Freiburg,8.4,284,392,72.4,4698,1210,141,157,89.8,109,149,73.2,26,58,44.8,2,1.3,1.8,+0.7,16,16,16,11,26,"DF,FW",21,2001
488,Timo Werner,de GER,RB Leipzig,2.3,61,88,69.3,983,129,34,43,79.1,23,30,76.7,4,7,57.1,0,0.0,0.1,0.0,2,1,0,0,6,"FW,MF",27,1996
489,Silvan Widmer,ch SUI,Mainz 05,13.8,490,677,72.4,8090,3637,249,296,84.1,185,261,70.9,44,82,53.7,3,3.5,2.5,-0.5,16,57,10,5,54,DF,30,1993
490,Patrick Wimmer,at AUT,Wolfsburg,6.5,128,200,64.0,1822,525,78,101,77.2,35,57,61.4,5,15,33.3,0,0.1,0.3,-0.1,4,11,3,0,15,"FW,MF",22,2001
491,Jonas Wind,dk DEN,Wolfsburg,29.5,473,673,70.3,6971,1949,274,356,77.0,151,204,74.0,27,40,67.5,7,5.1,3.9,+1.9,38,42,27,0,88,FW,24,1999
492,Florian Wirtz,de GER,Leverkusen,26.4,1540,1855,83.0,20304,5621,1003,1124,89.2,395,462,85.5,62,98,63.3,11,7.5,9.7,+3.5,73,95,82,7,224,MF,20,2003
493,Maximilian Wittek,de GER,Bochum,11.9,312,499,62.5,5570,2500,131,178,73.6,137,205,66.8,33,80,41.3,1,1.4,2.7,-0.4,24,35,19,7,49,"DF,FW",27,1995
494,Maximilian Wöber,at AUT,Gladbach,23.0,1224,1485,82.4,22076,8449,500,548,91.2,606,696,87.1,107,196,54.6,3,1.6,1.1,+1.4,12,101,12,7,128,DF,25,1998
495,Marius Wolf,de GER,Dortmund,13.0,687,896,76.7,11614,4213,313,362,86.5,307,367,83.7,53,115,46.1,1,1.6,2.3,-0.6,11,61,16,7,59,DF,28,1995
496,Nick Woltemade,de GER,Werder Bremen,13.2,316,412,76.7,4609,1137,178,219,81.3,94,112,83.9,24,38,63.2,0,1.7,1.8,-1.7,24,22,16,1,43,"FW,MF",21,2002
497,Jeong Woo-yeong,kr KOR,Stuttgart,7.0,275,326,84.4,3475,721,188,209,90.0,57,73,78.1,12,15,80.0,3,1.6,1.6,+1.4,9,21,3,1,22,"MF,FW",23,1999
498,Granit Xhaka,ch SUI,Leverkusen,31.3,3020,3292,91.7,47359,13206,1681,1777,94.6,1063,1138,93.4,208,258,80.6,0,2.7,5.9,-2.7,41,370,54,0,392,MF,30,1992
499,Dan-Axel Zagadou,fr FRA,Stuttgart,16.1,1179,1361,86.6,21604,8514,454,493,92.1,599,661,90.6,107,174,61.5,0,0.3,0.7,-0.3,3,62,3,0,75,DF,24,1999
500,Bryan Zaragoza,es ESP,Bayern Munich,2.0,60,82,73.2,995,250,35,41,85.4,19,25,76.0,6,12,50.0,0,0.2,0.4,-0.2,4,3,6,2,9,"FW,MF",22,2001
501,Robin Zentner,de GER,Mainz 05,30.0,663,1045,63.4,20560,15846,116,117,99.1,261,269,97.0,283,648,43.7,0,0.0,0.1,0.0,1,21,0,0,1,GK,28,1994
502,Cedric Zesiger,ch SUI,Wolfsburg,18.2,943,1118,84.3,17299,6554,351,380,92.4,509,559,91.1,74,142,52.1,0,0.0,0.3,0.0,1,71,4,2,81,DF,25,1998
503,Michael Zetterer,de GER,Werder Bremen,27.0,891,1127,79.1,25285,17563,117,118,99.2,444,455,97.6,329,547,60.1,0,0.2,0.1,-0.2,3,21,1,0,3,GK,28,1995
504,Christoph Zimmermann,de GER,Darmstadt 98,13.6,455,555,82.0,9024,3318,159,179,88.8,236,266,88.7,59,95,62.1,0,0.1,0.3,-0.1,3,33,2,0,34,DF,30,1993
505,Simon Zoller,de GER,Bochum,0.5,5,8,62.5,97,0,2,3,66.7,2,2,100.0,1,1,100.0,0,0.0,0.0,0.0,0,0,0,0,0,"FW,MF",32,1991
506,Lovro Zvonarek,hr CRO,Bayern Munich,1.8,50,60,83.3,766,123,20,23,87.0,25,29,86.2,2,2,100.0,0,0.2,0.3,-0.2,2,5,1,0,7,"FW,MF",18,2005
